world_tick,entity_id,entity,tag,state,x,y,z,goal,path_len,path_pos,movement,search_us,searches,replans,fail_reason,events
131,0,Husk,T1/1,IDLE,0.500,4.000,0.500,,-1,-1,,-1,0,0,,
132,0,Husk,T1/1,IDLE,0.500,4.000,0.500,,-1,-1,,-1,0,0,,CANCELED
133,0,Husk,T1/1,IDLE,0.500,4.000,0.500,,-1,-1,,-1,0,0,,
134,0,Husk,T1/1,IDLE,0.500,4.000,0.500,,-1,-1,,-1,0,0,,
135,0,Husk,T1/1,IDLE,0.500,4.000,0.500,,-1,-1,,-1,0,0,,
136,0,Husk,T1/1,IDLE,0.500,4.000,0.500,,-1,-1,,-1,0,0,,
137,0,Husk,T1/1,IDLE,0.500,4.000,0.500,,-1,-1,,-1,0,0,,
138,0,Husk,T1/1,IDLE,0.500,4.000,0.500,,-1,-1,,-1,0,0,,
139,0,Husk,T1/1,IDLE,0.500,4.000,0.500,,-1,-1,,-1,0,0,,
140,0,Husk,T1/1,IDLE,0.500,4.000,0.500,,-1,-1,,-1,0,0,,
141,0,Husk,T1/1,SEARCHING,0.500,4.000,0.500,"GoalBlock{x=30,y=4,z=0}",-1,-1,,-1,1,1,,CALC_STARTED
142,0,Husk,T1/1,SEARCHING,0.500,4.000,0.500,"GoalBlock{x=30,y=4,z=0}",-1,-1,,-1,1,1,,
143,0,Husk,T1/1,MOVING,0.627,4.000,0.500,"GoalBlock{x=30,y=4,z=0}",31,0,MovementTraverse,55025,1,1,,CALC_FINISHED_NOW_EXECUTING
144,0,Husk,T1/1,MOVING,0.824,4.000,0.500,"GoalBlock{x=30,y=4,z=0}",31,0,MovementTraverse,55025,1,1,,
145,0,Husk,T1/1,MOVING,1.059,4.000,0.500,"GoalBlock{x=30,y=4,z=0}",31,0,MovementTraverse,55025,1,1,,
146,0,Husk,T1/1,MOVING,1.315,4.000,0.500,"GoalBlock{x=30,y=4,z=0}",31,1,MovementTraverse,55025,1,1,,
147,0,Husk,T1/1,MOVING,1.582,4.000,0.500,"GoalBlock{x=30,y=4,z=0}",31,1,MovementTraverse,55025,1,1,,
148,0,Husk,T1/1,MOVING,1.855,4.000,0.500,"GoalBlock{x=30,y=4,z=0}",31,1,MovementTraverse,55025,1,1,,
149,0,Husk,T1/1,MOVING,2.132,4.000,0.500,"GoalBlock{x=30,y=4,z=0}",31,1,MovementTraverse,55025,1,1,,
150,0,Husk,T1/1,MOVING,2.410,4.000,0.500,"GoalBlock{x=30,y=4,z=0}",31,2,MovementTraverse,55025,1,1,,
151,0,Husk,T1/1,MOVING,2.690,4.000,0.500,"GoalBlock{x=30,y=4,z=0}",31,2,MovementTraverse,55025,1,1,,
152,0,Husk,T1/1,MOVING,2.969,4.000,0.500,"GoalBlock{x=30,y=4,z=0}",31,2,MovementTraverse,55025,1,1,,
153,0,Husk,T1/1,MOVING,3.250,4.000,0.500,"GoalBlock{x=30,y=4,z=0}",31,2,MovementTraverse,55025,1,1,,
154,0,Husk,T1/1,MOVING,3.530,4.000,0.500,"GoalBlock{x=30,y=4,z=0}",31,3,MovementTraverse,55025,1,1,,
155,0,Husk,T1/1,MOVING,3.811,4.000,0.500,"GoalBlock{x=30,y=4,z=0}",31,3,MovementTraverse,55025,1,1,,
156,0,Husk,T1/1,MOVING,4.091,4.000,0.500,"GoalBlock{x=30,y=4,z=0}",31,3,MovementTraverse,55025,1,1,,
157,0,Husk,T1/1,MOVING,4.372,4.000,0.500,"GoalBlock{x=30,y=4,z=0}",31,4,MovementTraverse,55025,1,1,,
158,0,Husk,T1/1,MOVING,4.652,4.000,0.500,"GoalBlock{x=30,y=4,z=0}",31,4,MovementTraverse,55025,1,1,,
159,0,Husk,T1/1,MOVING,4.933,4.000,0.500,"GoalBlock{x=30,y=4,z=0}",31,4,MovementTraverse,55025,1,1,,
160,0,Husk,T1/1,MOVING,5.214,4.000,0.500,"GoalBlock{x=30,y=4,z=0}",31,4,MovementTraverse,55025,1,1,,
161,0,Husk,T1/1,MOVING,5.494,4.000,0.500,"GoalBlock{x=30,y=4,z=0}",31,5,MovementTraverse,55025,1,1,,
162,0,Husk,T1/1,MOVING,5.775,4.000,0.500,"GoalBlock{x=30,y=4,z=0}",31,5,MovementTraverse,55025,1,1,,
163,0,Husk,T1/1,MOVING,6.055,4.000,0.500,"GoalBlock{x=30,y=4,z=0}",31,5,MovementTraverse,55025,1,1,,
164,0,Husk,T1/1,MOVING,6.336,4.000,0.500,"GoalBlock{x=30,y=4,z=0}",31,6,MovementTraverse,55025,1,1,,
165,0,Husk,T1/1,MOVING,6.617,4.000,0.500,"GoalBlock{x=30,y=4,z=0}",31,6,MovementTraverse,55025,1,1,,
166,0,Husk,T1/1,MOVING,6.897,4.000,0.500,"GoalBlock{x=30,y=4,z=0}",31,6,MovementTraverse,55025,1,1,,
167,0,Husk,T1/1,MOVING,7.178,4.000,0.500,"GoalBlock{x=30,y=4,z=0}",31,6,MovementTraverse,55025,1,1,,
168,0,Husk,T1/1,MOVING,7.459,4.000,0.500,"GoalBlock{x=30,y=4,z=0}",31,7,MovementTraverse,55025,1,1,,
169,0,Husk,T1/1,MOVING,7.739,4.000,0.500,"GoalBlock{x=30,y=4,z=0}",31,7,MovementTraverse,55025,1,1,,
170,0,Husk,T1/1,MOVING,8.020,4.000,0.500,"GoalBlock{x=30,y=4,z=0}",31,7,MovementTraverse,55025,1,1,,
171,0,Husk,T1/1,MOVING,8.300,4.000,0.500,"GoalBlock{x=30,y=4,z=0}",31,8,MovementTraverse,55025,1,1,,
172,0,Husk,T1/1,MOVING,8.581,4.000,0.500,"GoalBlock{x=30,y=4,z=0}",31,8,MovementTraverse,55025,1,1,,
173,0,Husk,T1/1,MOVING,8.862,4.000,0.500,"GoalBlock{x=30,y=4,z=0}",31,8,MovementTraverse,55025,1,1,,
174,0,Husk,T1/1,MOVING,9.142,4.000,0.500,"GoalBlock{x=30,y=4,z=0}",31,8,MovementTraverse,55025,1,1,,
175,0,Husk,T1/1,MOVING,9.423,4.000,0.500,"GoalBlock{x=30,y=4,z=0}",31,9,MovementTraverse,55025,1,1,,
176,0,Husk,T1/1,MOVING,9.703,4.000,0.500,"GoalBlock{x=30,y=4,z=0}",31,9,MovementTraverse,55025,1,1,,
177,0,Husk,T1/1,MOVING,9.984,4.000,0.500,"GoalBlock{x=30,y=4,z=0}",31,9,MovementTraverse,55025,1,1,,
178,0,Husk,T1/1,MOVING,10.265,4.000,0.500,"GoalBlock{x=30,y=4,z=0}",31,9,MovementTraverse,55025,1,1,,
179,0,Husk,T1/1,MOVING,10.545,4.000,0.500,"GoalBlock{x=30,y=4,z=0}",31,10,MovementTraverse,55025,1,1,,
180,0,Husk,T1/1,MOVING,10.826,4.000,0.500,"GoalBlock{x=30,y=4,z=0}",31,10,MovementTraverse,55025,1,1,,
181,0,Husk,T1/1,MOVING,11.107,4.000,0.500,"GoalBlock{x=30,y=4,z=0}",31,10,MovementTraverse,55025,1,1,,
182,0,Husk,T1/1,MOVING,11.387,4.000,0.500,"GoalBlock{x=30,y=4,z=0}",31,11,MovementTraverse,55025,1,1,,
183,0,Husk,T1/1,MOVING,11.668,4.000,0.500,"GoalBlock{x=30,y=4,z=0}",31,11,MovementTraverse,55025,1,1,,
184,0,Husk,T1/1,MOVING,11.948,4.000,0.500,"GoalBlock{x=30,y=4,z=0}",31,11,MovementTraverse,55025,1,1,,
185,0,Husk,T1/1,MOVING,12.229,4.000,0.500,"GoalBlock{x=30,y=4,z=0}",31,11,MovementTraverse,55025,1,1,,
186,0,Husk,T1/1,MOVING,12.510,4.000,0.500,"GoalBlock{x=30,y=4,z=0}",31,12,MovementTraverse,55025,1,1,,
187,0,Husk,T1/1,MOVING,12.790,4.000,0.500,"GoalBlock{x=30,y=4,z=0}",31,12,MovementTraverse,55025,1,1,,
188,0,Husk,T1/1,MOVING,13.071,4.000,0.500,"GoalBlock{x=30,y=4,z=0}",31,12,MovementTraverse,55025,1,1,,
189,0,Husk,T1/1,MOVING,13.352,4.000,0.500,"GoalBlock{x=30,y=4,z=0}",31,13,MovementTraverse,55025,1,1,,
190,0,Husk,T1/1,MOVING,13.632,4.000,0.500,"GoalBlock{x=30,y=4,z=0}",31,13,MovementTraverse,55025,1,1,,
191,0,Husk,T1/1,MOVING,13.913,4.000,0.500,"GoalBlock{x=30,y=4,z=0}",31,13,MovementTraverse,55025,1,1,,
192,0,Husk,T1/1,MOVING,14.193,4.000,0.500,"GoalBlock{x=30,y=4,z=0}",31,13,MovementTraverse,55025,1,1,,
193,0,Husk,T1/1,MOVING,14.474,4.000,0.500,"GoalBlock{x=30,y=4,z=0}",31,14,MovementTraverse,55025,1,1,,
194,0,Husk,T1/1,MOVING,14.755,4.000,0.500,"GoalBlock{x=30,y=4,z=0}",31,14,MovementTraverse,55025,1,1,,
195,0,Husk,T1/1,MOVING,15.035,4.000,0.500,"GoalBlock{x=30,y=4,z=0}",31,14,MovementTraverse,55025,1,1,,
196,0,Husk,T1/1,MOVING,15.316,4.000,0.500,"GoalBlock{x=30,y=4,z=0}",31,15,MovementTraverse,55025,1,1,,
197,0,Husk,T1/1,MOVING,15.596,4.000,0.500,"GoalBlock{x=30,y=4,z=0}",31,15,MovementTraverse,55025,1,1,,
198,0,Husk,T1/1,MOVING,15.877,4.000,0.500,"GoalBlock{x=30,y=4,z=0}",31,15,MovementTraverse,55025,1,1,,
199,0,Husk,T1/1,MOVING,16.158,4.000,0.500,"GoalBlock{x=30,y=4,z=0}",31,15,MovementTraverse,55025,1,1,,
200,0,Husk,T1/1,MOVING,16.438,4.000,0.500,"GoalBlock{x=30,y=4,z=0}",31,16,MovementTraverse,55025,1,1,,
201,0,Husk,T1/1,MOVING,16.719,4.000,0.500,"GoalBlock{x=30,y=4,z=0}",31,16,MovementTraverse,55025,1,1,,
202,0,Husk,T1/1,MOVING,17.000,4.000,0.500,"GoalBlock{x=30,y=4,z=0}",31,16,MovementTraverse,55025,1,1,,
203,0,Husk,T1/1,MOVING,17.280,4.000,0.500,"GoalBlock{x=30,y=4,z=0}",31,16,MovementTraverse,55025,1,1,,
204,0,Husk,T1/1,MOVING,17.561,4.000,0.500,"GoalBlock{x=30,y=4,z=0}",31,17,MovementTraverse,55025,1,1,,
205,0,Husk,T1/1,MOVING,17.841,4.000,0.500,"GoalBlock{x=30,y=4,z=0}",31,17,MovementTraverse,55025,1,1,,
206,0,Husk,T1/1,MOVING,18.122,4.000,0.500,"GoalBlock{x=30,y=4,z=0}",31,17,MovementTraverse,55025,1,1,,
207,0,Husk,T1/1,MOVING,18.403,4.000,0.500,"GoalBlock{x=30,y=4,z=0}",31,18,MovementTraverse,55025,1,1,,
208,0,Husk,T1/1,MOVING,18.683,4.000,0.500,"GoalBlock{x=30,y=4,z=0}",31,18,MovementTraverse,55025,1,1,,
209,0,Husk,T1/1,MOVING,18.964,4.000,0.500,"GoalBlock{x=30,y=4,z=0}",31,18,MovementTraverse,55025,1,1,,
210,0,Husk,T1/1,MOVING,19.244,4.000,0.500,"GoalBlock{x=30,y=4,z=0}",31,18,MovementTraverse,55025,1,1,,
211,0,Husk,T1/1,MOVING,19.525,4.000,0.500,"GoalBlock{x=30,y=4,z=0}",31,19,MovementTraverse,55025,1,1,,
212,0,Husk,T1/1,MOVING,19.806,4.000,0.500,"GoalBlock{x=30,y=4,z=0}",31,19,MovementTraverse,55025,1,1,,
213,0,Husk,T1/1,MOVING,20.086,4.000,0.500,"GoalBlock{x=30,y=4,z=0}",31,19,MovementTraverse,55025,1,1,,
214,0,Husk,T1/1,MOVING,20.367,4.000,0.500,"GoalBlock{x=30,y=4,z=0}",31,20,MovementTraverse,55025,1,1,,
215,0,Husk,T1/1,MOVING,20.648,4.000,0.500,"GoalBlock{x=30,y=4,z=0}",31,20,MovementTraverse,55025,1,1,,
216,0,Husk,T1/1,MOVING,20.928,4.000,0.500,"GoalBlock{x=30,y=4,z=0}",31,20,MovementTraverse,55025,1,1,,
217,0,Husk,T1/1,MOVING,21.209,4.000,0.500,"GoalBlock{x=30,y=4,z=0}",31,20,MovementTraverse,55025,1,1,,
218,0,Husk,T1/1,MOVING,21.489,4.000,0.500,"GoalBlock{x=30,y=4,z=0}",31,21,MovementTraverse,55025,1,1,,
219,0,Husk,T1/1,MOVING,21.770,4.000,0.500,"GoalBlock{x=30,y=4,z=0}",31,21,MovementTraverse,55025,1,1,,
220,0,Husk,T1/1,MOVING,22.051,4.000,0.500,"GoalBlock{x=30,y=4,z=0}",31,21,MovementTraverse,55025,1,1,,
221,0,Husk,T1/1,MOVING,22.331,4.000,0.500,"GoalBlock{x=30,y=4,z=0}",31,22,MovementTraverse,55025,1,1,,
222,0,Husk,T1/1,MOVING,22.612,4.000,0.500,"GoalBlock{x=30,y=4,z=0}",31,22,MovementTraverse,55025,1,1,,
223,0,Husk,T1/1,MOVING,22.892,4.000,0.500,"GoalBlock{x=30,y=4,z=0}",31,22,MovementTraverse,55025,1,1,,
224,0,Husk,T1/1,MOVING,23.173,4.000,0.500,"GoalBlock{x=30,y=4,z=0}",31,22,MovementTraverse,55025,1,1,,
225,0,Husk,T1/1,MOVING,23.454,4.000,0.500,"GoalBlock{x=30,y=4,z=0}",31,23,MovementTraverse,55025,1,1,,
226,0,Husk,T1/1,MOVING,23.734,4.000,0.500,"GoalBlock{x=30,y=4,z=0}",31,23,MovementTraverse,55025,1,1,,
227,0,Husk,T1/1,MOVING,24.015,4.000,0.500,"GoalBlock{x=30,y=4,z=0}",31,23,MovementTraverse,55025,1,1,,
228,0,Husk,T1/1,MOVING,24.296,4.000,0.500,"GoalBlock{x=30,y=4,z=0}",31,24,MovementTraverse,55025,1,1,,
229,0,Husk,T1/1,MOVING,24.576,4.000,0.500,"GoalBlock{x=30,y=4,z=0}",31,24,MovementTraverse,55025,1,1,,
230,0,Husk,T1/1,MOVING,24.857,4.000,0.500,"GoalBlock{x=30,y=4,z=0}",31,24,MovementTraverse,55025,1,1,,
231,0,Husk,T1/1,MOVING,25.137,4.000,0.500,"GoalBlock{x=30,y=4,z=0}",31,24,MovementTraverse,55025,1,1,,
232,0,Husk,T1/1,MOVING,25.418,4.000,0.500,"GoalBlock{x=30,y=4,z=0}",31,25,MovementTraverse,55025,1,1,,
233,0,Husk,T1/1,MOVING,25.699,4.000,0.500,"GoalBlock{x=30,y=4,z=0}",31,25,MovementTraverse,55025,1,1,,
234,0,Husk,T1/1,MOVING,25.979,4.000,0.500,"GoalBlock{x=30,y=4,z=0}",31,25,MovementTraverse,55025,1,1,,
235,0,Husk,T1/1,MOVING,26.260,4.000,0.500,"GoalBlock{x=30,y=4,z=0}",31,25,MovementTraverse,55025,1,1,,
236,0,Husk,T1/1,MOVING,26.540,4.000,0.500,"GoalBlock{x=30,y=4,z=0}",31,26,MovementTraverse,55025,1,1,,
237,0,Husk,T1/1,MOVING,26.821,4.000,0.500,"GoalBlock{x=30,y=4,z=0}",31,26,MovementTraverse,55025,1,1,,
238,0,Husk,T1/1,MOVING,27.102,4.000,0.500,"GoalBlock{x=30,y=4,z=0}",31,26,MovementTraverse,55025,1,1,,
239,0,Husk,T1/1,MOVING,27.382,4.000,0.500,"GoalBlock{x=30,y=4,z=0}",31,27,MovementTraverse,55025,1,1,,
240,0,Husk,T1/1,MOVING,27.663,4.000,0.500,"GoalBlock{x=30,y=4,z=0}",31,27,MovementTraverse,55025,1,1,,
241,0,Husk,T1/1,MOVING,27.944,4.000,0.500,"GoalBlock{x=30,y=4,z=0}",31,27,MovementTraverse,55025,1,1,,
242,0,Husk,T1/1,MOVING,28.224,4.000,0.500,"GoalBlock{x=30,y=4,z=0}",31,27,MovementTraverse,55025,1,1,,
243,0,Husk,T1/1,MOVING,28.505,4.000,0.500,"GoalBlock{x=30,y=4,z=0}",31,28,MovementTraverse,55025,1,1,,
244,0,Husk,T1/1,MOVING,28.785,4.000,0.500,"GoalBlock{x=30,y=4,z=0}",31,28,MovementTraverse,55025,1,1,,
245,0,Husk,T1/1,MOVING,29.066,4.000,0.500,"GoalBlock{x=30,y=4,z=0}",31,28,MovementTraverse,55025,1,1,,
246,0,Husk,T1/1,MOVING,29.347,4.000,0.500,"GoalBlock{x=30,y=4,z=0}",31,29,MovementTraverse,55025,1,1,,
247,0,Husk,T1/1,MOVING,29.627,4.000,0.500,"GoalBlock{x=30,y=4,z=0}",31,29,MovementTraverse,55025,1,1,,
248,0,Husk,T1/1,MOVING,29.908,4.000,0.500,"GoalBlock{x=30,y=4,z=0}",31,29,MovementTraverse,55025,1,1,,
249,0,Husk,T1/1,MOVING,30.189,4.000,0.500,"GoalBlock{x=30,y=4,z=0}",31,29,MovementTraverse,55025,1,1,,
250,0,Husk,T1/1,ARRIVED,30.342,4.000,0.500,,-1,-1,,55025,1,1,,CANCELED
251,0,Husk,T1/2,ARRIVED,0.500,4.000,12.500,,-1,-1,,55025,1,1,,CANCELED|CANCELED
252,0,Husk,T1/2,ARRIVED,0.500,4.000,12.500,,-1,-1,,55025,1,1,,
253,0,Husk,T1/2,ARRIVED,0.500,4.000,12.500,,-1,-1,,55025,1,1,,
254,0,Husk,T1/2,ARRIVED,0.500,4.000,12.500,,-1,-1,,55025,1,1,,
255,0,Husk,T1/2,ARRIVED,0.500,4.000,12.500,,-1,-1,,55025,1,1,,
256,0,Husk,T1/2,ARRIVED,0.500,4.000,12.500,,-1,-1,,55025,1,1,,
257,0,Husk,T1/2,ARRIVED,0.500,4.000,12.500,,-1,-1,,55025,1,1,,
258,0,Husk,T1/2,ARRIVED,0.500,4.000,12.500,,-1,-1,,55025,1,1,,
259,0,Husk,T1/2,ARRIVED,0.500,4.000,12.500,,-1,-1,,55025,1,1,,
260,0,Husk,T1/2,ARRIVED,0.500,4.000,12.500,,-1,-1,,55025,1,1,,
261,0,Husk,T1/2,SEARCHING,0.500,4.000,12.500,"GoalBlock{x=20,y=4,z=12}",-1,-1,,55025,2,2,,CALC_STARTED
262,0,Husk,T1/2,MOVING,0.627,4.000,12.500,"GoalBlock{x=20,y=4,z=12}",21,0,MovementTraverse,2609,2,2,,CALC_FINISHED_NOW_EXECUTING
263,0,Husk,T1/2,MOVING,0.824,4.000,12.500,"GoalBlock{x=20,y=4,z=12}",21,0,MovementTraverse,2609,2,2,,
264,0,Husk,T1/2,MOVING,1.059,4.000,12.500,"GoalBlock{x=20,y=4,z=12}",21,0,MovementTraverse,2609,2,2,,
265,0,Husk,T1/2,MOVING,1.315,4.000,12.500,"GoalBlock{x=20,y=4,z=12}",21,1,MovementTraverse,2609,2,2,,
266,0,Husk,T1/2,MOVING,1.582,4.000,12.500,"GoalBlock{x=20,y=4,z=12}",21,1,MovementTraverse,2609,2,2,,
267,0,Husk,T1/2,MOVING,1.855,4.000,12.500,"GoalBlock{x=20,y=4,z=12}",21,1,MovementTraverse,2609,2,2,,
268,0,Husk,T1/2,MOVING,2.132,4.000,12.500,"GoalBlock{x=20,y=4,z=12}",21,1,MovementTraverse,2609,2,2,,
269,0,Husk,T1/2,MOVING,2.410,4.000,12.500,"GoalBlock{x=20,y=4,z=12}",21,2,MovementTraverse,2609,2,2,,
270,0,Husk,T1/2,MOVING,2.690,4.000,12.500,"GoalBlock{x=20,y=4,z=12}",21,2,MovementTraverse,2609,2,2,,
271,0,Husk,T1/2,MOVING,2.969,4.000,12.500,"GoalBlock{x=20,y=4,z=12}",21,2,MovementTraverse,2609,2,2,,
272,0,Husk,T1/2,MOVING,3.250,4.000,12.500,"GoalBlock{x=20,y=4,z=12}",21,2,MovementTraverse,2609,2,2,,
273,0,Husk,T1/2,MOVING,3.530,4.000,12.500,"GoalBlock{x=20,y=4,z=12}",21,3,MovementTraverse,2609,2,2,,
274,0,Husk,T1/2,MOVING,3.811,4.000,12.500,"GoalBlock{x=20,y=4,z=12}",21,3,MovementTraverse,2609,2,2,,
275,0,Husk,T1/2,MOVING,4.091,4.000,12.500,"GoalBlock{x=20,y=4,z=12}",21,3,MovementTraverse,2609,2,2,,
276,0,Husk,T1/2,MOVING,4.372,4.000,12.500,"GoalBlock{x=20,y=4,z=12}",21,4,MovementTraverse,2609,2,2,,
277,0,Husk,T1/2,MOVING,4.652,4.000,12.500,"GoalBlock{x=20,y=4,z=12}",21,4,MovementTraverse,2609,2,2,,
278,0,Husk,T1/2,MOVING,4.933,4.000,12.500,"GoalBlock{x=20,y=4,z=12}",21,4,MovementTraverse,2609,2,2,,
279,0,Husk,T1/2,MOVING,5.214,4.000,12.500,"GoalBlock{x=20,y=4,z=12}",21,4,MovementTraverse,2609,2,2,,
280,0,Husk,T1/2,MOVING,5.494,4.000,12.500,"GoalBlock{x=20,y=4,z=12}",21,5,MovementTraverse,2609,2,2,,
281,0,Husk,T1/2,MOVING,5.775,4.000,12.500,"GoalBlock{x=20,y=4,z=12}",21,5,MovementTraverse,2609,2,2,,
282,0,Husk,T1/2,MOVING,6.055,4.000,12.500,"GoalBlock{x=20,y=4,z=12}",21,5,MovementTraverse,2609,2,2,,
283,0,Husk,T1/2,MOVING,6.319,4.000,12.564,"GoalBlock{x=20,y=4,z=12}",21,6,MovementDiagonal,2609,2,2,,
284,0,Husk,T1/2,MOVING,6.563,4.000,12.678,"GoalBlock{x=20,y=4,z=12}",21,6,MovementDiagonal,2609,2,2,,
285,0,Husk,T1/2,MOVING,6.792,4.000,12.824,"GoalBlock{x=20,y=4,z=12}",21,6,MovementDiagonal,2609,2,2,,
286,0,Husk,T1/2,MOVING,7.009,4.000,12.992,"GoalBlock{x=20,y=4,z=12}",21,6,MovementDiagonal,2609,2,2,,
287,0,Husk,T1/2,MOVING,7.216,4.000,13.175,"GoalBlock{x=20,y=4,z=12}",21,6,MovementDiagonal,2609,2,2,,
288,0,Husk,T1/2,MOVING,7.417,4.000,13.366,"GoalBlock{x=20,y=4,z=12}",21,7,MovementDiagonal,2609,2,2,,
289,0,Husk,T1/2,MOVING,7.616,4.000,13.563,"GoalBlock{x=20,y=4,z=12}",21,7,MovementDiagonal,2609,2,2,,
290,0,Husk,T1/2,MOVING,7.811,4.000,13.763,"GoalBlock{x=20,y=4,z=12}",21,7,MovementDiagonal,2609,2,2,,
291,0,Husk,T1/2,MOVING,8.005,4.000,13.965,"GoalBlock{x=20,y=4,z=12}",21,7,MovementDiagonal,2609,2,2,,
292,0,Husk,T1/2,MOVING,8.197,4.000,14.169,"GoalBlock{x=20,y=4,z=12}",21,7,MovementDiagonal,2609,2,2,,
293,0,Husk,T1/2,MOVING,8.392,4.000,14.372,"GoalBlock{x=20,y=4,z=12}",21,8,MovementDiagonal,2609,2,2,,
294,0,Husk,T1/2,MOVING,8.587,4.000,14.573,"GoalBlock{x=20,y=4,z=12}",21,8,MovementDiagonal,2609,2,2,,
295,0,Husk,T1/2,MOVING,8.783,4.000,14.774,"GoalBlock{x=20,y=4,z=12}",21,8,MovementDiagonal,2609,2,2,,
296,0,Husk,T1/2,MOVING,8.979,4.000,14.974,"GoalBlock{x=20,y=4,z=12}",21,8,MovementDiagonal,2609,2,2,,
297,0,Husk,T1/2,MOVING,9.176,4.000,15.174,"GoalBlock{x=20,y=4,z=12}",21,8,MovementDiagonal,2609,2,2,,
298,0,Husk,T1/2,MOVING,9.407,4.000,15.317,"GoalBlock{x=20,y=4,z=12}",21,9,MovementTraverse,2609,2,2,,
299,0,Husk,T1/2,MOVING,9.658,4.000,15.416,"GoalBlock{x=20,y=4,z=12}",21,9,MovementTraverse,2609,2,2,,
300,0,Husk,T1/2,MOVING,9.922,4.000,15.482,"GoalBlock{x=20,y=4,z=12}",21,9,MovementTraverse,2609,2,2,,
301,0,Husk,T1/2,MOVING,10.194,4.000,15.523,"GoalBlock{x=20,y=4,z=12}",21,9,MovementTraverse,2609,2,2,,
302,0,Husk,T1/2,MOVING,10.469,4.000,15.543,"GoalBlock{x=20,y=4,z=12}",21,10,MovementTraverse,2609,2,2,,
303,0,Husk,T1/2,MOVING,10.747,4.000,15.548,"GoalBlock{x=20,y=4,z=12}",21,10,MovementTraverse,2609,2,2,,
304,0,Husk,T1/2,MOVING,11.026,4.000,15.543,"GoalBlock{x=20,y=4,z=12}",21,10,MovementTraverse,2609,2,2,,
305,0,Husk,T1/2,MOVING,11.306,4.000,15.539,"GoalBlock{x=20,y=4,z=12}",21,11,MovementTraverse,2609,2,2,,
306,0,Husk,T1/2,MOVING,11.586,4.000,15.535,"GoalBlock{x=20,y=4,z=12}",21,11,MovementTraverse,2609,2,2,,
307,0,Husk,T1/2,MOVING,11.866,4.000,15.530,"GoalBlock{x=20,y=4,z=12}",21,11,MovementTraverse,2609,2,2,,
308,0,Husk,T1/2,MOVING,12.146,4.000,15.524,"GoalBlock{x=20,y=4,z=12}",21,11,MovementTraverse,2609,2,2,,
309,0,Husk,T1/2,MOVING,12.426,4.000,15.519,"GoalBlock{x=20,y=4,z=12}",21,12,MovementTraverse,2609,2,2,,
310,0,Husk,T1/2,MOVING,12.707,4.000,15.513,"GoalBlock{x=20,y=4,z=12}",21,12,MovementTraverse,2609,2,2,,
311,0,Husk,T1/2,MOVING,12.987,4.000,15.511,"GoalBlock{x=20,y=4,z=12}",21,12,MovementTraverse,2609,2,2,,
312,0,Husk,T1/2,MOVING,13.268,4.000,15.508,"GoalBlock{x=20,y=4,z=12}",21,12,MovementTraverse,2609,2,2,,
313,0,Husk,T1/2,MOVING,13.548,4.000,15.508,"GoalBlock{x=20,y=4,z=12}",21,13,MovementTraverse,2609,2,2,,
314,0,Husk,T1/2,MOVING,13.829,4.000,15.507,"GoalBlock{x=20,y=4,z=12}",21,13,MovementTraverse,2609,2,2,,
315,0,Husk,T1/2,MOVING,14.110,4.000,15.505,"GoalBlock{x=20,y=4,z=12}",21,13,MovementTraverse,2609,2,2,,
316,0,Husk,T1/2,MOVING,14.390,4.000,15.505,"GoalBlock{x=20,y=4,z=12}",21,14,MovementTraverse,2609,2,2,,
317,0,Husk,T1/2,MOVING,14.671,4.000,15.504,"GoalBlock{x=20,y=4,z=12}",21,14,MovementTraverse,2609,2,2,,
318,0,Husk,T1/2,MOVING,14.951,4.000,15.504,"GoalBlock{x=20,y=4,z=12}",21,14,MovementTraverse,2609,2,2,,
319,0,Husk,T1/2,MOVING,15.232,4.000,15.503,"GoalBlock{x=20,y=4,z=12}",21,14,MovementTraverse,2609,2,2,,
320,0,Husk,T1/2,MOVING,15.513,4.000,15.503,"GoalBlock{x=20,y=4,z=12}",21,15,MovementTraverse,2609,2,2,,
321,0,Husk,T1/2,MOVING,15.793,4.000,15.502,"GoalBlock{x=20,y=4,z=12}",21,15,MovementTraverse,2609,2,2,,
322,0,Husk,T1/2,MOVING,16.074,4.000,15.502,"GoalBlock{x=20,y=4,z=12}",21,15,MovementTraverse,2609,2,2,,
323,0,Husk,T1/2,MOVING,16.354,4.000,15.502,"GoalBlock{x=20,y=4,z=12}",21,16,MovementTraverse,2609,2,2,,
324,0,Husk,T1/2,MOVING,16.635,4.000,15.501,"GoalBlock{x=20,y=4,z=12}",21,16,MovementTraverse,2609,2,2,,
325,0,Husk,T1/2,MOVING,16.916,4.000,15.501,"GoalBlock{x=20,y=4,z=12}",21,16,MovementTraverse,2609,2,2,,
326,0,Husk,T1/2,MOVING,17.196,4.000,15.501,"GoalBlock{x=20,y=4,z=12}",21,16,MovementTraverse,2609,2,2,,
327,0,Husk,T1/2,MOVING,17.460,4.000,15.437,"GoalBlock{x=20,y=4,z=12}",21,17,MovementDiagonal,2609,2,2,,
328,0,Husk,T1/2,MOVING,17.698,4.000,15.317,"GoalBlock{x=20,y=4,z=12}",21,17,MovementDiagonal,2609,2,2,,
329,0,Husk,T1/2,MOVING,17.918,4.000,15.160,"GoalBlock{x=20,y=4,z=12}",21,17,MovementDiagonal,2609,2,2,,
330,0,Husk,T1/2,MOVING,18.122,4.000,14.979,"GoalBlock{x=20,y=4,z=12}",21,17,MovementDiagonal,2609,2,2,,
331,0,Husk,T1/2,MOVING,18.320,4.000,14.787,"GoalBlock{x=20,y=4,z=12}",21,18,MovementDiagonal,2609,2,2,,
332,0,Husk,T1/2,MOVING,18.514,4.000,14.589,"GoalBlock{x=20,y=4,z=12}",21,18,MovementDiagonal,2609,2,2,,
333,0,Husk,T1/2,MOVING,18.706,4.000,14.386,"GoalBlock{x=20,y=4,z=12}",21,18,MovementDiagonal,2609,2,2,,
334,0,Husk,T1/2,MOVING,18.896,4.000,14.180,"GoalBlock{x=20,y=4,z=12}",21,18,MovementDiagonal,2609,2,2,,
335,0,Husk,T1/2,MOVING,19.084,4.000,13.972,"GoalBlock{x=20,y=4,z=12}",21,18,MovementDiagonal,2609,2,2,,
336,0,Husk,T1/2,MOVING,19.275,4.000,13.767,"GoalBlock{x=20,y=4,z=12}",21,19,MovementDiagonal,2609,2,2,,
337,0,Husk,T1/2,MOVING,19.468,4.000,13.564,"GoalBlock{x=20,y=4,z=12}",21,19,MovementDiagonal,2609,2,2,,
338,0,Husk,T1/2,MOVING,19.662,4.000,13.361,"GoalBlock{x=20,y=4,z=12}",21,19,MovementDiagonal,2609,2,2,,
339,0,Husk,T1/2,MOVING,19.857,4.000,13.159,"GoalBlock{x=20,y=4,z=12}",21,19,MovementDiagonal,2609,2,2,,
340,0,Husk,T1/2,MOVING,20.052,4.000,12.958,"GoalBlock{x=20,y=4,z=12}",21,19,MovementDiagonal,2609,2,2,,
341,0,Husk,T1/2,ARRIVED,20.159,4.000,12.848,,-1,-1,,2609,2,2,,CANCELED
342,0,Husk,T1/3,ARRIVED,0.500,4.000,24.500,,-1,-1,,2609,2,2,,CANCELED|CANCELED
343,0,Husk,T1/3,ARRIVED,0.500,4.000,24.500,,-1,-1,,2609,2,2,,
344,0,Husk,T1/3,ARRIVED,0.500,4.000,24.500,,-1,-1,,2609,2,2,,
345,0,Husk,T1/3,ARRIVED,0.500,4.000,24.500,,-1,-1,,2609,2,2,,
346,0,Husk,T1/3,ARRIVED,0.500,4.000,24.500,,-1,-1,,2609,2,2,,
347,0,Husk,T1/3,ARRIVED,0.500,4.000,24.500,,-1,-1,,2609,2,2,,
348,0,Husk,T1/3,ARRIVED,0.500,4.000,24.500,,-1,-1,,2609,2,2,,
349,0,Husk,T1/3,ARRIVED,0.500,4.000,24.500,,-1,-1,,2609,2,2,,
350,0,Husk,T1/3,ARRIVED,0.500,4.000,24.500,,-1,-1,,2609,2,2,,
351,0,Husk,T1/3,ARRIVED,0.500,4.000,24.500,,-1,-1,,2609,2,2,,
352,0,Husk,T1/3,SEARCHING,0.500,4.000,24.500,"GoalBlock{x=15,y=7,z=24}",-1,-1,,2609,3,3,,CALC_STARTED
353,0,Husk,T1/3,MOVING,0.627,4.000,24.500,"GoalBlock{x=15,y=7,z=24}",16,0,MovementTraverse,623,3,3,,CALC_FINISHED_NOW_EXECUTING
354,0,Husk,T1/3,MOVING,0.824,4.000,24.500,"GoalBlock{x=15,y=7,z=24}",16,0,MovementTraverse,623,3,3,,
355,0,Husk,T1/3,MOVING,1.059,4.000,24.500,"GoalBlock{x=15,y=7,z=24}",16,0,MovementTraverse,623,3,3,,
356,0,Husk,T1/3,MOVING,1.315,4.000,24.500,"GoalBlock{x=15,y=7,z=24}",16,1,MovementTraverse,623,3,3,,
357,0,Husk,T1/3,MOVING,1.582,4.000,24.500,"GoalBlock{x=15,y=7,z=24}",16,1,MovementTraverse,623,3,3,,
358,0,Husk,T1/3,MOVING,1.855,4.000,24.500,"GoalBlock{x=15,y=7,z=24}",16,1,MovementTraverse,623,3,3,,
359,0,Husk,T1/3,MOVING,2.132,4.000,24.500,"GoalBlock{x=15,y=7,z=24}",16,1,MovementTraverse,623,3,3,,
360,0,Husk,T1/3,MOVING,2.410,4.000,24.500,"GoalBlock{x=15,y=7,z=24}",16,2,MovementTraverse,623,3,3,,
361,0,Husk,T1/3,MOVING,2.690,4.000,24.500,"GoalBlock{x=15,y=7,z=24}",16,2,MovementTraverse,623,3,3,,
362,0,Husk,T1/3,MOVING,2.969,4.000,24.500,"GoalBlock{x=15,y=7,z=24}",16,2,MovementTraverse,623,3,3,,
363,0,Husk,T1/3,MOVING,3.250,4.000,24.500,"GoalBlock{x=15,y=7,z=24}",16,2,MovementTraverse,623,3,3,,
364,0,Husk,T1/3,MOVING,3.730,4.420,24.500,"GoalBlock{x=15,y=7,z=24}",16,4,MovementAscend,623,3,3,,
365,0,Husk,T1/3,MOVING,4.018,4.753,24.500,"GoalBlock{x=15,y=7,z=24}",16,4,MovementAscend,623,3,3,,
366,0,Husk,T1/3,MOVING,4.305,5.001,24.500,"GoalBlock{x=15,y=7,z=24}",16,4,MovementAscend,623,3,3,,
367,0,Husk,T1/3,MOVING,4.592,5.166,24.500,"GoalBlock{x=15,y=7,z=24}",16,4,MovementAscend,623,3,3,,
368,0,Husk,T1/3,MOVING,4.879,5.249,24.500,"GoalBlock{x=15,y=7,z=24}",16,4,MovementAscend,623,3,3,,
369,0,Husk,T1/3,MOVING,5.165,5.252,24.500,"GoalBlock{x=15,y=7,z=24}",16,4,MovementAscend,623,3,3,,
370,0,Husk,T1/3,MOVING,5.451,5.177,24.500,"GoalBlock{x=15,y=7,z=24}",16,5,MovementTraverse,623,3,3,,
371,0,Husk,T1/3,MOVING,5.737,5.024,24.500,"GoalBlock{x=15,y=7,z=24}",16,5,MovementTraverse,623,3,3,,
372,0,Husk,T1/3,MOVING,6.023,5.000,24.500,"GoalBlock{x=15,y=7,z=24}",16,5,MovementTraverse,623,3,3,,
373,0,Husk,T1/3,MOVING,6.610,5.420,24.500,"GoalBlock{x=15,y=7,z=24}",16,7,MovementAscend,623,3,3,,
374,0,Husk,T1/3,MOVING,6.956,5.753,24.500,"GoalBlock{x=15,y=7,z=24}",16,7,MovementAscend,623,3,3,,
375,0,Husk,T1/3,MOVING,7.296,6.001,24.500,"GoalBlock{x=15,y=7,z=24}",16,7,MovementAscend,623,3,3,,
376,0,Husk,T1/3,MOVING,7.632,6.166,24.500,"GoalBlock{x=15,y=7,z=24}",16,7,MovementAscend,623,3,3,,
377,0,Husk,T1/3,MOVING,7.962,6.249,24.500,"GoalBlock{x=15,y=7,z=24}",16,7,MovementAscend,623,3,3,,
378,0,Husk,T1/3,MOVING,8.289,6.252,24.500,"GoalBlock{x=15,y=7,z=24}",16,7,MovementAscend,623,3,3,,
379,0,Husk,T1/3,MOVING,8.611,6.177,24.500,"GoalBlock{x=15,y=7,z=24}",16,8,MovementTraverse,623,3,3,,
380,0,Husk,T1/3,MOVING,8.930,6.024,24.500,"GoalBlock{x=15,y=7,z=24}",16,8,MovementTraverse,623,3,3,,
381,0,Husk,T1/3,MOVING,9.246,6.000,24.500,"GoalBlock{x=15,y=7,z=24}",16,8,MovementTraverse,623,3,3,,
382,0,Husk,T1/3,MOVING,9.860,6.420,24.500,"GoalBlock{x=15,y=7,z=24}",16,10,MovementAscend,623,3,3,,
383,0,Husk,T1/3,MOVING,10.221,6.753,24.500,"GoalBlock{x=15,y=7,z=24}",16,10,MovementAscend,623,3,3,,
384,0,Husk,T1/3,MOVING,10.575,7.001,24.500,"GoalBlock{x=15,y=7,z=24}",16,10,MovementAscend,623,3,3,,
385,0,Husk,T1/3,MOVING,10.923,7.166,24.500,"GoalBlock{x=15,y=7,z=24}",16,10,MovementAscend,623,3,3,,
386,0,Husk,T1/3,MOVING,11.265,7.249,24.500,"GoalBlock{x=15,y=7,z=24}",16,10,MovementAscend,623,3,3,,
387,0,Husk,T1/3,MOVING,11.601,7.252,24.500,"GoalBlock{x=15,y=7,z=24}",16,11,MovementTraverse,623,3,3,,
388,0,Husk,T1/3,MOVING,11.933,7.177,24.500,"GoalBlock{x=15,y=7,z=24}",16,11,MovementTraverse,623,3,3,,
389,0,Husk,T1/3,MOVING,12.261,7.024,24.500,"GoalBlock{x=15,y=7,z=24}",16,11,MovementTraverse,623,3,3,,
390,0,Husk,T1/3,MOVING,12.584,7.000,24.500,"GoalBlock{x=15,y=7,z=24}",16,12,MovementTraverse,623,3,3,,
391,0,Husk,T1/3,MOVING,13.006,7.000,24.500,"GoalBlock{x=15,y=7,z=24}",16,12,MovementTraverse,623,3,3,,
392,0,Husk,T1/3,MOVING,13.363,7.000,24.500,"GoalBlock{x=15,y=7,z=24}",16,13,MovementTraverse,623,3,3,,
393,0,Husk,T1/3,MOVING,13.686,7.000,24.500,"GoalBlock{x=15,y=7,z=24}",16,13,MovementTraverse,623,3,3,,
394,0,Husk,T1/3,MOVING,13.990,7.000,24.500,"GoalBlock{x=15,y=7,z=24}",16,13,MovementTraverse,623,3,3,,
395,0,Husk,T1/3,MOVING,14.283,7.000,24.500,"GoalBlock{x=15,y=7,z=24}",16,13,MovementTraverse,623,3,3,,
396,0,Husk,T1/3,MOVING,14.570,7.000,24.500,"GoalBlock{x=15,y=7,z=24}",16,14,MovementTraverse,623,3,3,,
397,0,Husk,T1/3,MOVING,14.855,7.000,24.500,"GoalBlock{x=15,y=7,z=24}",16,14,MovementTraverse,623,3,3,,
398,0,Husk,T1/3,MOVING,15.137,7.000,24.500,"GoalBlock{x=15,y=7,z=24}",16,14,MovementTraverse,623,3,3,,
399,0,Husk,T1/3,ARRIVED,15.292,7.000,24.500,,-1,-1,,623,3,3,,CANCELED
400,0,Husk,T1/4,ARRIVED,3.500,8.000,36.500,,-1,-1,,623,3,3,,CANCELED|CANCELED
401,0,Husk,T1/4,ARRIVED,3.500,8.000,36.500,,-1,-1,,623,3,3,,
402,0,Husk,T1/4,ARRIVED,3.500,8.000,36.500,,-1,-1,,623,3,3,,
403,0,Husk,T1/4,ARRIVED,3.500,8.000,36.500,,-1,-1,,623,3,3,,
404,0,Husk,T1/4,ARRIVED,3.500,8.000,36.500,,-1,-1,,623,3,3,,
405,0,Husk,T1/4,ARRIVED,3.500,8.000,36.500,,-1,-1,,623,3,3,,
406,0,Husk,T1/4,ARRIVED,3.500,8.000,36.500,,-1,-1,,623,3,3,,
407,0,Husk,T1/4,ARRIVED,3.500,8.000,36.500,,-1,-1,,623,3,3,,
408,0,Husk,T1/4,ARRIVED,3.500,8.000,36.500,,-1,-1,,623,3,3,,
409,0,Husk,T1/4,ARRIVED,3.500,8.000,36.500,,-1,-1,,623,3,3,,
410,0,Husk,T1/4,SEARCHING,3.500,8.000,36.500,"GoalBlock{x=12,y=4,z=36}",-1,-1,,623,4,4,,CALC_STARTED
411,0,Husk,T1/4,MOVING,3.627,8.000,36.500,"GoalBlock{x=12,y=4,z=36}",11,0,MovementTraverse,819,4,4,,CALC_FINISHED_NOW_EXECUTING
412,0,Husk,T1/4,MOVING,3.824,8.000,36.500,"GoalBlock{x=12,y=4,z=36}",11,0,MovementTraverse,819,4,4,,
413,0,Husk,T1/4,MOVING,4.059,8.000,36.500,"GoalBlock{x=12,y=4,z=36}",11,0,MovementTraverse,819,4,4,,
414,0,Husk,T1/4,MOVING,4.298,8.000,36.436,"GoalBlock{x=12,y=4,z=36}",11,1,MovementDiagonal,819,4,4,,
415,0,Husk,T1/4,MOVING,4.529,8.000,36.323,"GoalBlock{x=12,y=4,z=36}",11,1,MovementDiagonal,819,4,4,,
416,0,Husk,T1/4,MOVING,4.752,8.000,36.179,"GoalBlock{x=12,y=4,z=36}",11,1,MovementDiagonal,819,4,4,,
417,0,Husk,T1/4,MOVING,4.968,8.000,36.015,"GoalBlock{x=12,y=4,z=36}",11,1,MovementDiagonal,819,4,4,,
418,0,Husk,T1/4,MOVING,5.178,8.000,35.837,"GoalBlock{x=12,y=4,z=36}",11,1,MovementDiagonal,819,4,4,,
419,0,Husk,T1/4,MOVING,5.382,8.000,35.649,"GoalBlock{x=12,y=4,z=36}",11,2,MovementDiagonal,819,4,4,,
420,0,Husk,T1/4,MOVING,5.582,8.000,35.455,"GoalBlock{x=12,y=4,z=36}",11,2,MovementDiagonal,819,4,4,,
421,0,Husk,T1/4,MOVING,5.780,8.000,35.257,"GoalBlock{x=12,y=4,z=36}",11,2,MovementDiagonal,819,4,4,,
422,0,Husk,T1/4,MOVING,5.975,8.000,35.057,"GoalBlock{x=12,y=4,z=36}",11,2,MovementDiagonal,819,4,4,,
423,0,Husk,T1/4,MOVING,6.170,8.000,34.855,"GoalBlock{x=12,y=4,z=36}",11,2,MovementDiagonal,819,4,4,,
424,0,Husk,T1/4,MOVING,6.301,8.000,34.650,"GoalBlock{x=12,y=4,z=36}",11,3,MovementFall,819,4,4,,
425,0,Husk,T1/4,MOVING,6.392,8.000,34.442,"GoalBlock{x=12,y=4,z=36}",11,3,MovementFall,819,4,4,,
426,0,Husk,T1/4,MOVING,6.454,8.000,34.231,"GoalBlock{x=12,y=4,z=36}",11,3,MovementFall,819,4,4,,
427,0,Husk,T1/4,MOVING,6.495,8.000,34.018,"GoalBlock{x=12,y=4,z=36}",11,3,MovementFall,819,4,4,,
428,0,Husk,T1/4,MOVING,6.519,8.000,33.804,"GoalBlock{x=12,y=4,z=36}",11,3,MovementFall,819,4,4,,
429,0,Husk,T1/4,MOVING,6.522,8.000,33.590,"GoalBlock{x=12,y=4,z=36}",11,3,MovementFall,819,4,4,,
430,0,Husk,T1/4,MOVING,6.522,7.922,33.472,"GoalBlock{x=12,y=4,z=36}",11,3,MovementFall,819,4,4,,
431,0,Husk,T1/4,MOVING,6.522,7.766,33.409,"GoalBlock{x=12,y=4,z=36}",11,3,MovementFall,819,4,4,,
432,0,Husk,T1/4,MOVING,6.502,7.536,33.352,"GoalBlock{x=12,y=4,z=36}",11,3,MovementFall,819,4,4,,
433,0,Husk,T1/4,MOVING,6.469,7.232,33.313,"GoalBlock{x=12,y=4,z=36}",11,3,MovementFall,819,4,4,,
434,0,Husk,T1/4,MOVING,6.430,6.855,33.295,"GoalBlock{x=12,y=4,z=36}",11,3,MovementFall,819,4,4,,
435,0,Husk,T1/4,MOVING,6.396,6.407,33.284,"GoalBlock{x=12,y=4,z=36}",11,3,MovementFall,819,4,4,,
436,0,Husk,T1/4,MOVING,6.366,6.000,33.280,"GoalBlock{x=12,y=4,z=36}",11,3,MovementFall,819,4,4,,
437,0,Husk,T1/4,MOVING,6.432,6.000,33.364,"GoalBlock{x=12,y=4,z=36}",11,4,MovementFall,819,4,4,,
438,0,Husk,T1/4,MOVING,6.593,6.000,33.438,"GoalBlock{x=12,y=4,z=36}",11,4,MovementFall,819,4,4,,
439,0,Husk,T1/4,MOVING,6.808,6.000,33.481,"GoalBlock{x=12,y=4,z=36}",11,4,MovementFall,819,4,4,,
440,0,Husk,T1/4,MOVING,7.052,6.000,33.506,"GoalBlock{x=12,y=4,z=36}",11,4,MovementFall,819,4,4,,
441,0,Husk,T1/4,MOVING,7.313,6.000,33.519,"GoalBlock{x=12,y=4,z=36}",11,4,MovementFall,819,4,4,,
442,0,Husk,T1/4,MOVING,7.583,5.922,33.525,"GoalBlock{x=12,y=4,z=36}",11,4,MovementFall,819,4,4,,
443,0,Husk,T1/4,MOVING,7.756,5.766,33.528,"GoalBlock{x=12,y=4,z=36}",11,4,MovementFall,819,4,4,,
444,0,Husk,T1/4,MOVING,7.939,5.536,33.528,"GoalBlock{x=12,y=4,z=36}",11,4,MovementFall,819,4,4,,
445,0,Husk,T1/4,MOVING,8.131,5.232,33.527,"GoalBlock{x=12,y=4,z=36}",11,4,MovementFall,819,4,4,,
446,0,Husk,T1/4,MOVING,8.331,4.855,33.526,"GoalBlock{x=12,y=4,z=36}",11,4,MovementFall,819,4,4,,
447,0,Husk,T1/4,MOVING,8.538,4.407,33.525,"GoalBlock{x=12,y=4,z=36}",11,4,MovementFall,819,4,4,,
448,0,Husk,T1/4,MOVING,8.752,4.000,33.524,"GoalBlock{x=12,y=4,z=36}",11,4,MovementFall,819,4,4,,
449,0,Husk,T1/4,MOVING,9.075,4.000,33.515,"GoalBlock{x=12,y=4,z=36}",11,4,MovementFall,819,4,4,,
450,0,Husk,T1/4,MOVING,9.365,4.000,33.566,"GoalBlock{x=12,y=4,z=36}",11,7,MovementDiagonal,819,4,4,,
451,0,Husk,T1/4,MOVING,9.622,4.000,33.675,"GoalBlock{x=12,y=4,z=36}",11,7,MovementDiagonal,819,4,4,,
452,0,Husk,T1/4,MOVING,9.855,4.000,33.822,"GoalBlock{x=12,y=4,z=36}",11,7,MovementDiagonal,819,4,4,,
453,0,Husk,T1/4,MOVING,10.070,4.000,33.994,"GoalBlock{x=12,y=4,z=36}",11,7,MovementDiagonal,819,4,4,,
454,0,Husk,T1/4,MOVING,10.270,4.000,34.185,"GoalBlock{x=12,y=4,z=36}",11,7,MovementDiagonal,819,4,4,,
455,0,Husk,T1/4,MOVING,10.466,4.000,34.383,"GoalBlock{x=12,y=4,z=36}",11,8,MovementDiagonal,819,4,4,,
456,0,Husk,T1/4,MOVING,10.660,4.000,34.584,"GoalBlock{x=12,y=4,z=36}",11,8,MovementDiagonal,819,4,4,,
457,0,Husk,T1/4,MOVING,10.852,4.000,34.788,"GoalBlock{x=12,y=4,z=36}",11,8,MovementDiagonal,819,4,4,,
458,0,Husk,T1/4,MOVING,11.042,4.000,34.993,"GoalBlock{x=12,y=4,z=36}",11,8,MovementDiagonal,819,4,4,,
459,0,Husk,T1/4,MOVING,11.232,4.000,35.200,"GoalBlock{x=12,y=4,z=36}",11,8,MovementDiagonal,819,4,4,,
460,0,Husk,T1/4,MOVING,11.424,4.000,35.404,"GoalBlock{x=12,y=4,z=36}",11,9,MovementDiagonal,819,4,4,,
461,0,Husk,T1/4,MOVING,11.618,4.000,35.607,"GoalBlock{x=12,y=4,z=36}",11,9,MovementDiagonal,819,4,4,,
462,0,Husk,T1/4,MOVING,11.814,4.000,35.808,"GoalBlock{x=12,y=4,z=36}",11,9,MovementDiagonal,819,4,4,,
463,0,Husk,T1/4,MOVING,12.010,4.000,36.008,"GoalBlock{x=12,y=4,z=36}",11,9,MovementDiagonal,819,4,4,,
464,0,Husk,T1/4,ARRIVED,12.118,4.000,36.117,,-1,-1,,819,4,4,,CANCELED
465,0,Husk,T1/5,ARRIVED,0.500,4.000,48.500,,-1,-1,,819,4,4,,CANCELED|CANCELED
466,0,Husk,T1/5,ARRIVED,0.500,4.000,48.500,,-1,-1,,819,4,4,,
467,0,Husk,T1/5,ARRIVED,0.500,4.000,48.500,,-1,-1,,819,4,4,,
468,0,Husk,T1/5,ARRIVED,0.500,4.000,48.500,,-1,-1,,819,4,4,,
469,0,Husk,T1/5,ARRIVED,0.500,4.000,48.500,,-1,-1,,819,4,4,,
470,0,Husk,T1/5,ARRIVED,0.500,4.000,48.500,,-1,-1,,819,4,4,,
471,0,Husk,T1/5,ARRIVED,0.500,4.000,48.500,,-1,-1,,819,4,4,,
472,0,Husk,T1/5,ARRIVED,0.500,4.000,48.500,,-1,-1,,819,4,4,,
473,0,Husk,T1/5,ARRIVED,0.500,4.000,48.500,,-1,-1,,819,4,4,,
474,0,Husk,T1/5,ARRIVED,0.500,4.000,48.500,,-1,-1,,819,4,4,,
475,0,Husk,T1/5,SEARCHING,0.500,4.000,48.500,"GoalBlock{x=5,y=4,z=53}",-1,-1,,819,5,5,,CALC_STARTED
476,0,Husk,T1/5,MOVING,0.610,4.000,48.564,"GoalBlock{x=5,y=4,z=53}",7,0,MovementTraverse,648,5,5,,CALC_FINISHED_NOW_EXECUTING
477,0,Husk,T1/5,MOVING,0.700,4.000,48.709,"GoalBlock{x=5,y=4,z=53}",7,0,MovementTraverse,648,5,5,,
478,0,Husk,T1/5,MOVING,0.700,4.000,48.915,"GoalBlock{x=5,y=4,z=53}",7,0,MovementTraverse,648,5,5,,
479,0,Husk,T1/5,MOVING,0.659,4.000,49.149,"GoalBlock{x=5,y=4,z=53}",7,0,MovementTraverse,648,5,5,,
480,0,Husk,T1/5,MOVING,0.661,4.000,49.401,"GoalBlock{x=5,y=4,z=53}",7,1,MovementDiagonal,648,5,5,,
481,0,Husk,T1/5,MOVING,0.738,4.000,49.640,"GoalBlock{x=5,y=4,z=53}",7,1,MovementDiagonal,648,5,5,,
482,0,Husk,T1/5,MOVING,0.865,4.000,49.866,"GoalBlock{x=5,y=4,z=53}",7,1,MovementDiagonal,648,5,5,,
483,0,Husk,T1/5,MOVING,1.024,4.000,50.079,"GoalBlock{x=5,y=4,z=53}",7,1,MovementDiagonal,648,5,5,,
484,0,Husk,T1/5,MOVING,1.203,4.000,50.284,"GoalBlock{x=5,y=4,z=53}",7,2,MovementDiagonal,648,5,5,,
485,0,Husk,T1/5,MOVING,1.394,4.000,50.483,"GoalBlock{x=5,y=4,z=53}",7,2,MovementDiagonal,648,5,5,,
486,0,Husk,T1/5,MOVING,1.591,4.000,50.678,"GoalBlock{x=5,y=4,z=53}",7,2,MovementDiagonal,648,5,5,,
487,0,Husk,T1/5,MOVING,1.794,4.000,50.870,"GoalBlock{x=5,y=4,z=53}",7,2,MovementDiagonal,648,5,5,,
488,0,Husk,T1/5,MOVING,2.000,4.000,51.059,"GoalBlock{x=5,y=4,z=53}",7,2,MovementDiagonal,648,5,5,,
489,0,Husk,T1/5,MOVING,2.207,4.000,51.247,"GoalBlock{x=5,y=4,z=53}",7,2,MovementDiagonal,648,5,5,,
490,0,Husk,T1/5,MOVING,2.412,4.000,51.438,"GoalBlock{x=5,y=4,z=53}",7,3,MovementDiagonal,648,5,5,,
491,0,Husk,T1/5,MOVING,2.615,4.000,51.632,"GoalBlock{x=5,y=4,z=53}",7,3,MovementDiagonal,648,5,5,,
492,0,Husk,T1/5,MOVING,2.817,4.000,51.826,"GoalBlock{x=5,y=4,z=53}",7,3,MovementDiagonal,648,5,5,,
493,0,Husk,T1/5,MOVING,3.018,4.000,52.022,"GoalBlock{x=5,y=4,z=53}",7,3,MovementDiagonal,648,5,5,,
494,0,Husk,T1/5,MOVING,3.218,4.000,52.219,"GoalBlock{x=5,y=4,z=53}",7,4,MovementDiagonal,648,5,5,,
495,0,Husk,T1/5,MOVING,3.417,4.000,52.417,"GoalBlock{x=5,y=4,z=53}",7,4,MovementDiagonal,648,5,5,,
496,0,Husk,T1/5,MOVING,3.616,4.000,52.615,"GoalBlock{x=5,y=4,z=53}",7,4,MovementDiagonal,648,5,5,,
497,0,Husk,T1/5,MOVING,3.815,4.000,52.813,"GoalBlock{x=5,y=4,z=53}",7,4,MovementDiagonal,648,5,5,,
498,0,Husk,T1/5,MOVING,4.013,4.000,53.011,"GoalBlock{x=5,y=4,z=53}",7,4,MovementDiagonal,648,5,5,,
499,0,Husk,T1/5,MOVING,4.242,4.000,53.159,"GoalBlock{x=5,y=4,z=53}",7,5,MovementTraverse,648,5,5,,
500,0,Husk,T1/5,MOVING,4.491,4.000,53.274,"GoalBlock{x=5,y=4,z=53}",7,5,MovementTraverse,648,5,5,,
501,0,Husk,T1/5,MOVING,4.700,4.000,53.364,"GoalBlock{x=5,y=4,z=53}",7,5,MovementTraverse,648,5,5,,
502,0,Husk,T1/5,MOVING,4.826,4.000,53.434,"GoalBlock{x=5,y=4,z=53}",7,5,MovementTraverse,648,5,5,,
503,0,Husk,T1/5,MOVING,5.021,4.000,53.485,"GoalBlock{x=5,y=4,z=53}",7,5,MovementTraverse,648,5,5,,
504,0,Husk,T1/5,ARRIVED,5.128,4.000,53.513,,-1,-1,,648,5,5,,CANCELED
505,0,Husk,T1/6,ARRIVED,0.500,4.000,60.500,,-1,-1,,648,5,5,,CANCELED|CANCELED
506,0,Husk,T1/6,ARRIVED,0.500,4.000,60.500,,-1,-1,,648,5,5,,
507,0,Husk,T1/6,ARRIVED,0.500,4.000,60.500,,-1,-1,,648,5,5,,
508,0,Husk,T1/6,ARRIVED,0.500,4.000,60.500,,-1,-1,,648,5,5,,
509,0,Husk,T1/6,ARRIVED,0.500,4.000,60.500,,-1,-1,,648,5,5,,
510,0,Husk,T1/6,ARRIVED,0.500,4.000,60.500,,-1,-1,,648,5,5,,
511,0,Husk,T1/6,ARRIVED,0.500,4.000,60.500,,-1,-1,,648,5,5,,
512,0,Husk,T1/6,ARRIVED,0.500,4.000,60.500,,-1,-1,,648,5,5,,
513,0,Husk,T1/6,ARRIVED,0.500,4.000,60.500,,-1,-1,,648,5,5,,
514,0,Husk,T1/6,ARRIVED,0.500,4.000,60.500,,-1,-1,,648,5,5,,
515,0,Husk,T1/6,SEARCHING,0.500,4.000,60.500,"GoalBlock{x=11,y=4,z=60}",-1,-1,,648,6,6,,CALC_STARTED
516,0,Husk,T1/6,MOVING,0.627,4.000,60.500,"GoalBlock{x=11,y=4,z=60}",12,0,MovementTraverse,253,6,6,,CALC_FINISHED_NOW_EXECUTING
517,0,Husk,T1/6,MOVING,0.824,4.000,60.500,"GoalBlock{x=11,y=4,z=60}",12,0,MovementTraverse,253,6,6,,
518,0,Husk,T1/6,MOVING,1.059,4.000,60.500,"GoalBlock{x=11,y=4,z=60}",12,0,MovementTraverse,253,6,6,,
519,0,Husk,T1/6,MOVING,1.315,4.000,60.500,"GoalBlock{x=11,y=4,z=60}",12,1,MovementTraverse,253,6,6,,
520,0,Husk,T1/6,MOVING,1.582,4.000,60.500,"GoalBlock{x=11,y=4,z=60}",12,1,MovementTraverse,253,6,6,,
521,0,Husk,T1/6,MOVING,1.855,4.000,60.500,"GoalBlock{x=11,y=4,z=60}",12,1,MovementTraverse,253,6,6,,
522,0,Husk,T1/6,MOVING,2.132,4.000,60.500,"GoalBlock{x=11,y=4,z=60}",12,1,MovementTraverse,253,6,6,,
523,0,Husk,T1/6,MOVING,2.410,4.000,60.500,"GoalBlock{x=11,y=4,z=60}",12,2,MovementTraverse,253,6,6,,
524,0,Husk,T1/6,MOVING,2.690,4.000,60.500,"GoalBlock{x=11,y=4,z=60}",12,2,MovementTraverse,253,6,6,,
525,0,Husk,T1/6,MOVING,2.969,4.000,60.500,"GoalBlock{x=11,y=4,z=60}",12,2,MovementTraverse,253,6,6,,
526,0,Husk,T1/6,MOVING,3.250,4.000,60.500,"GoalBlock{x=11,y=4,z=60}",12,2,MovementTraverse,253,6,6,,
527,0,Husk,T1/6,MOVING,3.530,4.000,60.500,"GoalBlock{x=11,y=4,z=60}",12,3,MovementTraverse,253,6,6,,
528,0,Husk,T1/6,MOVING,3.811,4.000,60.500,"GoalBlock{x=11,y=4,z=60}",12,3,MovementTraverse,253,6,6,,
529,0,Husk,T1/6,MOVING,4.091,4.000,60.500,"GoalBlock{x=11,y=4,z=60}",12,3,MovementTraverse,253,6,6,,
530,0,Husk,T1/6,MOVING,4.372,4.000,60.500,"GoalBlock{x=11,y=4,z=60}",12,4,MovementTraverse,253,6,6,,
531,0,Husk,T1/6,MOVING,4.652,4.000,60.500,"GoalBlock{x=11,y=4,z=60}",12,4,MovementTraverse,253,6,6,,
532,0,Husk,T1/6,MOVING,4.933,4.000,60.500,"GoalBlock{x=11,y=4,z=60}",12,4,MovementTraverse,253,6,6,,
533,0,Husk,T1/6,MOVING,5.214,4.000,60.500,"GoalBlock{x=11,y=4,z=60}",12,4,MovementTraverse,253,6,6,,
534,0,Husk,T1/6,MOVING,5.494,4.000,60.500,"GoalBlock{x=11,y=4,z=60}",12,5,MovementTraverse,253,6,6,,
535,0,Husk,T1/6,MOVING,5.775,4.000,60.500,"GoalBlock{x=11,y=4,z=60}",12,5,MovementTraverse,253,6,6,,
536,0,Husk,T1/6,MOVING,6.055,4.000,60.500,"GoalBlock{x=11,y=4,z=60}",12,5,MovementTraverse,253,6,6,,
537,0,Husk,T1/6,MOVING,6.336,4.000,60.500,"GoalBlock{x=11,y=4,z=60}",12,6,MovementTraverse,253,6,6,,
538,0,Husk,T1/6,MOVING,6.617,4.000,60.500,"GoalBlock{x=11,y=4,z=60}",12,6,MovementTraverse,253,6,6,,
539,0,Husk,T1/6,MOVING,6.897,4.000,60.500,"GoalBlock{x=11,y=4,z=60}",12,6,MovementTraverse,253,6,6,,
540,0,Husk,T1/6,MOVING,7.178,4.000,60.500,"GoalBlock{x=11,y=4,z=60}",12,6,MovementTraverse,253,6,6,,
541,0,Husk,T1/6,MOVING,7.459,4.000,60.500,"GoalBlock{x=11,y=4,z=60}",12,7,MovementTraverse,253,6,6,,
542,0,Husk,T1/6,MOVING,7.739,4.000,60.500,"GoalBlock{x=11,y=4,z=60}",12,7,MovementTraverse,253,6,6,,
543,0,Husk,T1/6,MOVING,8.020,4.000,60.500,"GoalBlock{x=11,y=4,z=60}",12,7,MovementTraverse,253,6,6,,
544,0,Husk,T1/6,MOVING,8.300,4.000,60.500,"GoalBlock{x=11,y=4,z=60}",12,8,MovementTraverse,253,6,6,,
545,0,Husk,T1/6,MOVING,8.581,4.000,60.500,"GoalBlock{x=11,y=4,z=60}",12,8,MovementTraverse,253,6,6,,
546,0,Husk,T1/6,MOVING,8.862,4.000,60.500,"GoalBlock{x=11,y=4,z=60}",12,8,MovementTraverse,253,6,6,,
547,0,Husk,T1/6,MOVING,9.142,4.000,60.500,"GoalBlock{x=11,y=4,z=60}",12,8,MovementTraverse,253,6,6,,
548,0,Husk,T1/6,MOVING,9.423,4.000,60.500,"GoalBlock{x=11,y=4,z=60}",12,9,MovementTraverse,253,6,6,,
549,0,Husk,T1/6,MOVING,9.703,4.000,60.500,"GoalBlock{x=11,y=4,z=60}",12,9,MovementTraverse,253,6,6,,
550,0,Husk,T1/6,MOVING,9.984,4.000,60.500,"GoalBlock{x=11,y=4,z=60}",12,9,MovementTraverse,253,6,6,,
551,0,Husk,T1/6,MOVING,10.265,4.000,60.500,"GoalBlock{x=11,y=4,z=60}",12,9,MovementTraverse,253,6,6,,
552,0,Husk,T1/6,MOVING,10.545,4.000,60.500,"GoalBlock{x=11,y=4,z=60}",12,10,MovementTraverse,253,6,6,,
553,0,Husk,T1/6,MOVING,10.826,4.000,60.500,"GoalBlock{x=11,y=4,z=60}",12,10,MovementTraverse,253,6,6,,
554,0,Husk,T1/6,MOVING,11.107,4.000,60.500,"GoalBlock{x=11,y=4,z=60}",12,10,MovementTraverse,253,6,6,,
555,0,Husk,T1/6,ARRIVED,11.260,4.000,60.500,,-1,-1,,253,6,6,,CANCELED
556,0,Husk,T1/7,ARRIVED,0.500,4.000,72.500,,-1,-1,,253,6,6,,CANCELED|CANCELED
557,0,Husk,T1/7,ARRIVED,0.500,4.000,72.500,,-1,-1,,253,6,6,,
558,0,Husk,T1/7,ARRIVED,0.500,4.000,72.500,,-1,-1,,253,6,6,,
559,0,Husk,T1/7,ARRIVED,0.500,4.000,72.500,,-1,-1,,253,6,6,,
560,0,Husk,T1/7,ARRIVED,0.500,4.000,72.500,,-1,-1,,253,6,6,,
561,0,Husk,T1/7,ARRIVED,0.500,4.000,72.500,,-1,-1,,253,6,6,,
562,0,Husk,T1/7,ARRIVED,0.500,4.000,72.500,,-1,-1,,253,6,6,,
563,0,Husk,T1/7,ARRIVED,0.500,4.000,72.500,,-1,-1,,253,6,6,,
564,0,Husk,T1/7,ARRIVED,0.500,4.000,72.500,,-1,-1,,253,6,6,,
565,0,Husk,T1/7,ARRIVED,0.500,4.000,72.500,,-1,-1,,253,6,6,,
566,0,Husk,T1/7,SEARCHING,0.500,4.000,72.500,"GoalBlock{x=20,y=4,z=72}",-1,-1,,253,7,7,,CALC_STARTED
567,0,Husk,T1/7,MOVING,0.627,4.000,72.500,"GoalBlock{x=20,y=4,z=72}",21,0,MovementTraverse,1808,7,7,,CALC_FINISHED_NOW_EXECUTING
568,0,Husk,T1/7,MOVING,0.824,4.000,72.500,"GoalBlock{x=20,y=4,z=72}",21,0,MovementTraverse,1808,7,7,,
569,0,Husk,T1/7,MOVING,1.059,4.000,72.500,"GoalBlock{x=20,y=4,z=72}",21,0,MovementTraverse,1808,7,7,,
570,0,Husk,T1/7,MOVING,1.315,4.000,72.500,"GoalBlock{x=20,y=4,z=72}",21,1,MovementTraverse,1808,7,7,,
571,0,Husk,T1/7,MOVING,1.582,4.000,72.500,"GoalBlock{x=20,y=4,z=72}",21,1,MovementTraverse,1808,7,7,,
572,0,Husk,T1/7,MOVING,1.855,4.000,72.500,"GoalBlock{x=20,y=4,z=72}",21,1,MovementTraverse,1808,7,7,,
573,0,Husk,T1/7,MOVING,2.132,4.000,72.500,"GoalBlock{x=20,y=4,z=72}",21,1,MovementTraverse,1808,7,7,,
574,0,Husk,T1/7,MOVING,2.410,4.000,72.500,"GoalBlock{x=20,y=4,z=72}",21,2,MovementTraverse,1808,7,7,,
575,0,Husk,T1/7,MOVING,2.690,4.000,72.500,"GoalBlock{x=20,y=4,z=72}",21,2,MovementTraverse,1808,7,7,,
576,0,Husk,T1/7,MOVING,2.969,4.000,72.500,"GoalBlock{x=20,y=4,z=72}",21,2,MovementTraverse,1808,7,7,,
577,0,Husk,T1/7,MOVING,3.250,4.000,72.500,"GoalBlock{x=20,y=4,z=72}",21,2,MovementTraverse,1808,7,7,,
578,0,Husk,T1/7,MOVING,3.530,4.000,72.500,"GoalBlock{x=20,y=4,z=72}",21,3,MovementTraverse,1808,7,7,,
579,0,Husk,T1/7,MOVING,3.811,4.000,72.500,"GoalBlock{x=20,y=4,z=72}",21,3,MovementTraverse,1808,7,7,,
580,0,Husk,T1/7,MOVING,4.091,4.000,72.500,"GoalBlock{x=20,y=4,z=72}",21,3,MovementTraverse,1808,7,7,,
581,0,Husk,T1/7,MOVING,4.372,4.000,72.500,"GoalBlock{x=20,y=4,z=72}",21,4,MovementTraverse,1808,7,7,,
582,0,Husk,T1/7,MOVING,4.652,4.000,72.500,"GoalBlock{x=20,y=4,z=72}",21,4,MovementTraverse,1808,7,7,,
583,0,Husk,T1/7,MOVING,4.933,4.000,72.500,"GoalBlock{x=20,y=4,z=72}",21,4,MovementTraverse,1808,7,7,,
584,0,Husk,T1/7,MOVING,5.214,4.000,72.500,"GoalBlock{x=20,y=4,z=72}",21,4,MovementTraverse,1808,7,7,,
585,0,Husk,T1/7,MOVING,5.477,4.000,72.436,"GoalBlock{x=20,y=4,z=72}",21,5,MovementDiagonal,1808,7,7,,
586,0,Husk,T1/7,MOVING,5.715,4.000,72.316,"GoalBlock{x=20,y=4,z=72}",21,5,MovementDiagonal,1808,7,7,,
587,0,Husk,T1/7,MOVING,5.933,4.000,72.158,"GoalBlock{x=20,y=4,z=72}",21,5,MovementDiagonal,1808,7,7,,
588,0,Husk,T1/7,MOVING,6.136,4.000,71.975,"GoalBlock{x=20,y=4,z=72}",21,5,MovementDiagonal,1808,7,7,,
589,0,Husk,T1/7,MOVING,6.333,4.000,71.782,"GoalBlock{x=20,y=4,z=72}",21,6,MovementDiagonal,1808,7,7,,
590,0,Husk,T1/7,MOVING,6.526,4.000,71.582,"GoalBlock{x=20,y=4,z=72}",21,6,MovementDiagonal,1808,7,7,,
591,0,Husk,T1/7,MOVING,6.717,4.000,71.378,"GoalBlock{x=20,y=4,z=72}",21,6,MovementDiagonal,1808,7,7,,
592,0,Husk,T1/7,MOVING,6.906,4.000,71.172,"GoalBlock{x=20,y=4,z=72}",21,6,MovementDiagonal,1808,7,7,,
593,0,Husk,T1/7,MOVING,7.093,4.000,70.964,"GoalBlock{x=20,y=4,z=72}",21,6,MovementDiagonal,1808,7,7,,
594,0,Husk,T1/7,MOVING,7.284,4.000,70.759,"GoalBlock{x=20,y=4,z=72}",21,7,MovementDiagonal,1808,7,7,,
595,0,Husk,T1/7,MOVING,7.477,4.000,70.555,"GoalBlock{x=20,y=4,z=72}",21,7,MovementDiagonal,1808,7,7,,
596,0,Husk,T1/7,MOVING,7.670,4.000,70.352,"GoalBlock{x=20,y=4,z=72}",21,7,MovementDiagonal,1808,7,7,,
597,0,Husk,T1/7,MOVING,7.865,4.000,70.150,"GoalBlock{x=20,y=4,z=72}",21,7,MovementDiagonal,1808,7,7,,
598,0,Husk,T1/7,MOVING,8.061,4.000,69.949,"GoalBlock{x=20,y=4,z=72}",21,7,MovementDiagonal,1808,7,7,,
599,0,Husk,T1/7,MOVING,8.257,4.000,69.748,"GoalBlock{x=20,y=4,z=72}",21,8,MovementDiagonal,1808,7,7,,
600,0,Husk,T1/7,MOVING,8.454,4.000,69.549,"GoalBlock{x=20,y=4,z=72}",21,8,MovementDiagonal,1808,7,7,,
601,0,Husk,T1/7,MOVING,8.652,4.000,69.349,"GoalBlock{x=20,y=4,z=72}",21,8,MovementDiagonal,1808,7,7,,
602,0,Husk,T1/7,MOVING,8.850,4.000,69.151,"GoalBlock{x=20,y=4,z=72}",21,8,MovementDiagonal,1808,7,7,,
603,0,Husk,T1/7,MOVING,9.048,4.000,68.952,"GoalBlock{x=20,y=4,z=72}",21,8,MovementDiagonal,1808,7,7,,
604,0,Husk,T1/7,MOVING,9.278,4.000,68.805,"GoalBlock{x=20,y=4,z=72}",21,9,MovementTraverse,1808,7,7,,
605,0,Husk,T1/7,MOVING,9.527,4.000,68.695,"GoalBlock{x=20,y=4,z=72}",21,9,MovementTraverse,1808,7,7,,
606,0,Husk,T1/7,MOVING,9.788,4.000,68.609,"GoalBlock{x=20,y=4,z=72}",21,9,MovementTraverse,1808,7,7,,
607,0,Husk,T1/7,MOVING,10.056,4.000,68.543,"GoalBlock{x=20,y=4,z=72}",21,9,MovementTraverse,1808,7,7,,
608,0,Husk,T1/7,MOVING,10.330,4.000,68.503,"GoalBlock{x=20,y=4,z=72}",21,10,MovementTraverse,1808,7,7,,
609,0,Husk,T1/7,MOVING,10.607,4.000,68.481,"GoalBlock{x=20,y=4,z=72}",21,10,MovementTraverse,1808,7,7,,
610,0,Husk,T1/7,MOVING,10.886,4.000,68.472,"GoalBlock{x=20,y=4,z=72}",21,10,MovementTraverse,1808,7,7,,
611,0,Husk,T1/7,MOVING,11.165,4.000,68.473,"GoalBlock{x=20,y=4,z=72}",21,10,MovementTraverse,1808,7,7,,
612,0,Husk,T1/7,MOVING,11.445,4.000,68.475,"GoalBlock{x=20,y=4,z=72}",21,11,MovementTraverse,1808,7,7,,
613,0,Husk,T1/7,MOVING,11.725,4.000,68.478,"GoalBlock{x=20,y=4,z=72}",21,11,MovementTraverse,1808,7,7,,
614,0,Husk,T1/7,MOVING,12.005,4.000,68.482,"GoalBlock{x=20,y=4,z=72}",21,11,MovementTraverse,1808,7,7,,
615,0,Husk,T1/7,MOVING,12.286,4.000,68.483,"GoalBlock{x=20,y=4,z=72}",21,12,MovementTraverse,1808,7,7,,
616,0,Husk,T1/7,MOVING,12.566,4.000,68.485,"GoalBlock{x=20,y=4,z=72}",21,12,MovementTraverse,1808,7,7,,
617,0,Husk,T1/7,MOVING,12.847,4.000,68.487,"GoalBlock{x=20,y=4,z=72}",21,12,MovementTraverse,1808,7,7,,
618,0,Husk,T1/7,MOVING,13.127,4.000,68.490,"GoalBlock{x=20,y=4,z=72}",21,12,MovementTraverse,1808,7,7,,
619,0,Husk,T1/7,MOVING,13.408,4.000,68.491,"GoalBlock{x=20,y=4,z=72}",21,13,MovementTraverse,1808,7,7,,
620,0,Husk,T1/7,MOVING,13.689,4.000,68.492,"GoalBlock{x=20,y=4,z=72}",21,13,MovementTraverse,1808,7,7,,
621,0,Husk,T1/7,MOVING,13.969,4.000,68.493,"GoalBlock{x=20,y=4,z=72}",21,13,MovementTraverse,1808,7,7,,
622,0,Husk,T1/7,MOVING,14.250,4.000,68.495,"GoalBlock{x=20,y=4,z=72}",21,13,MovementTraverse,1808,7,7,,
623,0,Husk,T1/7,MOVING,14.530,4.000,68.495,"GoalBlock{x=20,y=4,z=72}",21,14,MovementTraverse,1808,7,7,,
624,0,Husk,T1/7,MOVING,14.811,4.000,68.496,"GoalBlock{x=20,y=4,z=72}",21,14,MovementTraverse,1808,7,7,,
625,0,Husk,T1/7,MOVING,15.092,4.000,68.497,"GoalBlock{x=20,y=4,z=72}",21,14,MovementTraverse,1808,7,7,,
626,0,Husk,T1/7,MOVING,15.372,4.000,68.497,"GoalBlock{x=20,y=4,z=72}",21,15,MovementTraverse,1808,7,7,,
627,0,Husk,T1/7,MOVING,15.653,4.000,68.497,"GoalBlock{x=20,y=4,z=72}",21,15,MovementTraverse,1808,7,7,,
628,0,Husk,T1/7,MOVING,15.933,4.000,68.498,"GoalBlock{x=20,y=4,z=72}",21,15,MovementTraverse,1808,7,7,,
629,0,Husk,T1/7,MOVING,16.214,4.000,68.498,"GoalBlock{x=20,y=4,z=72}",21,15,MovementTraverse,1808,7,7,,
630,0,Husk,T1/7,MOVING,16.477,4.000,68.562,"GoalBlock{x=20,y=4,z=72}",21,16,MovementDiagonal,1808,7,7,,
631,0,Husk,T1/7,MOVING,16.715,4.000,68.683,"GoalBlock{x=20,y=4,z=72}",21,16,MovementDiagonal,1808,7,7,,
632,0,Husk,T1/7,MOVING,16.933,4.000,68.841,"GoalBlock{x=20,y=4,z=72}",21,16,MovementDiagonal,1808,7,7,,
633,0,Husk,T1/7,MOVING,17.135,4.000,69.024,"GoalBlock{x=20,y=4,z=72}",21,16,MovementDiagonal,1808,7,7,,
634,0,Husk,T1/7,MOVING,17.332,4.000,69.218,"GoalBlock{x=20,y=4,z=72}",21,17,MovementDiagonal,1808,7,7,,
635,0,Husk,T1/7,MOVING,17.525,4.000,69.417,"GoalBlock{x=20,y=4,z=72}",21,17,MovementDiagonal,1808,7,7,,
636,0,Husk,T1/7,MOVING,17.716,4.000,69.621,"GoalBlock{x=20,y=4,z=72}",21,17,MovementDiagonal,1808,7,7,,
637,0,Husk,T1/7,MOVING,17.905,4.000,69.827,"GoalBlock{x=20,y=4,z=72}",21,17,MovementDiagonal,1808,7,7,,
638,0,Husk,T1/7,MOVING,18.093,4.000,70.035,"GoalBlock{x=20,y=4,z=72}",21,17,MovementDiagonal,1808,7,7,,
639,0,Husk,T1/7,MOVING,18.283,4.000,70.241,"GoalBlock{x=20,y=4,z=72}",21,18,MovementDiagonal,1808,7,7,,
640,0,Husk,T1/7,MOVING,18.476,4.000,70.445,"GoalBlock{x=20,y=4,z=72}",21,18,MovementDiagonal,1808,7,7,,
641,0,Husk,T1/7,MOVING,18.670,4.000,70.647,"GoalBlock{x=20,y=4,z=72}",21,18,MovementDiagonal,1808,7,7,,
642,0,Husk,T1/7,MOVING,18.865,4.000,70.849,"GoalBlock{x=20,y=4,z=72}",21,18,MovementDiagonal,1808,7,7,,
643,0,Husk,T1/7,MOVING,19.060,4.000,71.051,"GoalBlock{x=20,y=4,z=72}",21,18,MovementDiagonal,1808,7,7,,
644,0,Husk,T1/7,MOVING,19.256,4.000,71.251,"GoalBlock{x=20,y=4,z=72}",21,19,MovementDiagonal,1808,7,7,,
645,0,Husk,T1/7,MOVING,19.453,4.000,71.451,"GoalBlock{x=20,y=4,z=72}",21,19,MovementDiagonal,1808,7,7,,
646,0,Husk,T1/7,MOVING,19.651,4.000,71.650,"GoalBlock{x=20,y=4,z=72}",21,19,MovementDiagonal,1808,7,7,,
647,0,Husk,T1/7,MOVING,19.849,4.000,71.849,"GoalBlock{x=20,y=4,z=72}",21,19,MovementDiagonal,1808,7,7,,
648,0,Husk,T1/7,MOVING,20.047,4.000,72.048,"GoalBlock{x=20,y=4,z=72}",21,19,MovementDiagonal,1808,7,7,,
649,0,Husk,T1/7,ARRIVED,20.155,4.000,72.156,,-1,-1,,1808,7,7,,CANCELED
650,0,Husk,T1/8,ARRIVED,20.500,4.000,84.500,,-1,-1,,1808,7,7,,CANCELED|CANCELED
651,0,Husk,T1/8,ARRIVED,20.500,4.000,84.500,,-1,-1,,1808,7,7,,
652,0,Husk,T1/8,ARRIVED,20.500,4.000,84.500,,-1,-1,,1808,7,7,,
653,0,Husk,T1/8,ARRIVED,20.500,4.000,84.500,,-1,-1,,1808,7,7,,
654,0,Husk,T1/8,ARRIVED,20.500,4.000,84.500,,-1,-1,,1808,7,7,,
655,0,Husk,T1/8,ARRIVED,20.500,4.000,84.500,,-1,-1,,1808,7,7,,
656,0,Husk,T1/8,ARRIVED,20.500,4.000,84.500,,-1,-1,,1808,7,7,,
657,0,Husk,T1/8,ARRIVED,20.500,4.000,84.500,,-1,-1,,1808,7,7,,
658,0,Husk,T1/8,ARRIVED,20.500,4.000,84.500,,-1,-1,,1808,7,7,,
659,0,Husk,T1/8,ARRIVED,20.500,4.000,84.500,,-1,-1,,1808,7,7,,
660,0,Husk,T1/8,SEARCHING,20.500,4.000,84.500,"GoalBlock{x=8,y=4,z=84}",-1,-1,,1808,8,8,,CALC_STARTED
661,0,Husk,T1/8,MOVING,20.610,4.000,84.436,"GoalBlock{x=8,y=4,z=84}",13,0,MovementTraverse,357,8,8,,CALC_FINISHED_NOW_EXECUTING
662,0,Husk,T1/8,MOVING,20.734,4.000,84.291,"GoalBlock{x=8,y=4,z=84}",13,0,MovementTraverse,357,8,8,,
663,0,Husk,T1/8,MOVING,20.802,4.000,84.085,"GoalBlock{x=8,y=4,z=84}",13,0,MovementTraverse,357,8,8,,
664,0,Husk,T1/8,MOVING,20.775,4.000,83.861,"GoalBlock{x=8,y=4,z=84}",13,0,MovementTraverse,357,8,8,,
665,0,Husk,T1/8,MOVING,20.650,4.000,83.676,"GoalBlock{x=8,y=4,z=84}",13,0,MovementTraverse,357,8,8,,
666,0,Husk,T1/8,MOVING,20.455,4.000,83.575,"GoalBlock{x=8,y=4,z=84}",13,0,MovementTraverse,357,8,8,,
667,0,Husk,T1/8,MOVING,20.238,4.000,83.583,"GoalBlock{x=8,y=4,z=84}",13,0,MovementTraverse,357,8,8,,
668,0,Husk,T1/8,MOVING,20.039,4.000,83.687,"GoalBlock{x=8,y=4,z=84}",13,0,MovementTraverse,357,8,8,,
669,0,Husk,T1/8,MOVING,19.860,4.000,83.850,"GoalBlock{x=8,y=4,z=84}",13,0,MovementTraverse,357,8,8,,
670,0,Husk,T1/8,MOVING,19.701,4.000,84.050,"GoalBlock{x=8,y=4,z=84}",13,0,MovementTraverse,357,8,8,,
671,0,Husk,T1/8,MOVING,19.505,4.000,84.225,"GoalBlock{x=8,y=4,z=84}",13,1,MovementTraverse,357,8,8,,
672,0,Husk,T1/8,MOVING,19.275,4.000,84.354,"GoalBlock{x=8,y=4,z=84}",13,1,MovementTraverse,357,8,8,,
673,0,Husk,T1/8,MOVING,19.024,4.000,84.448,"GoalBlock{x=8,y=4,z=84}",13,1,MovementTraverse,357,8,8,,
674,0,Husk,T1/8,MOVING,18.760,4.000,84.512,"GoalBlock{x=8,y=4,z=84}",13,1,MovementTraverse,357,8,8,,
675,0,Husk,T1/8,MOVING,18.489,4.000,84.546,"GoalBlock{x=8,y=4,z=84}",13,2,MovementTraverse,357,8,8,,
676,0,Husk,T1/8,MOVING,18.214,4.000,84.558,"GoalBlock{x=8,y=4,z=84}",13,2,MovementTraverse,357,8,8,,
677,0,Husk,T1/8,MOVING,17.936,4.000,84.555,"GoalBlock{x=8,y=4,z=84}",13,2,MovementTraverse,357,8,8,,
678,0,Husk,T1/8,MOVING,17.657,4.000,84.550,"GoalBlock{x=8,y=4,z=84}",13,3,MovementTraverse,357,8,8,,
679,0,Husk,T1/8,MOVING,17.378,4.000,84.544,"GoalBlock{x=8,y=4,z=84}",13,3,MovementTraverse,357,8,8,,
680,0,Husk,T1/8,MOVING,17.098,4.000,84.538,"GoalBlock{x=8,y=4,z=84}",13,3,MovementTraverse,357,8,8,,
681,0,Husk,T1/8,MOVING,16.818,4.000,84.526,"GoalBlock{x=8,y=4,z=84}",13,3,MovementTraverse,357,8,8,,
682,0,Husk,T1/8,MOVING,16.538,4.000,84.517,"GoalBlock{x=8,y=4,z=84}",13,4,MovementTraverse,357,8,8,,
683,0,Husk,T1/8,MOVING,16.258,4.000,84.510,"GoalBlock{x=8,y=4,z=84}",13,4,MovementTraverse,357,8,8,,
684,0,Husk,T1/8,MOVING,15.977,4.000,84.505,"GoalBlock{x=8,y=4,z=84}",13,4,MovementTraverse,357,8,8,,
685,0,Husk,T1/8,MOVING,15.697,4.000,84.501,"GoalBlock{x=8,y=4,z=84}",13,5,MovementTraverse,357,8,8,,
686,0,Husk,T1/8,MOVING,15.416,4.000,84.501,"GoalBlock{x=8,y=4,z=84}",13,5,MovementTraverse,357,8,8,,
687,0,Husk,T1/8,MOVING,15.135,4.000,84.501,"GoalBlock{x=8,y=4,z=84}",13,5,MovementTraverse,357,8,8,,
688,0,Husk,T1/8,MOVING,14.855,4.000,84.501,"GoalBlock{x=8,y=4,z=84}",13,5,MovementTraverse,357,8,8,,
689,0,Husk,T1/8,MOVING,14.574,4.000,84.501,"GoalBlock{x=8,y=4,z=84}",13,6,MovementTraverse,357,8,8,,
690,0,Husk,T1/8,MOVING,14.294,4.000,84.501,"GoalBlock{x=8,y=4,z=84}",13,6,MovementTraverse,357,8,8,,
691,0,Husk,T1/8,MOVING,14.013,4.000,84.501,"GoalBlock{x=8,y=4,z=84}",13,6,MovementTraverse,357,8,8,,
692,0,Husk,T1/8,MOVING,13.732,4.000,84.500,"GoalBlock{x=8,y=4,z=84}",13,6,MovementTraverse,357,8,8,,
693,0,Husk,T1/8,MOVING,13.452,4.000,84.500,"GoalBlock{x=8,y=4,z=84}",13,7,MovementTraverse,357,8,8,,
694,0,Husk,T1/8,MOVING,13.171,4.000,84.500,"GoalBlock{x=8,y=4,z=84}",13,7,MovementTraverse,357,8,8,,
695,0,Husk,T1/8,MOVING,12.890,4.000,84.500,"GoalBlock{x=8,y=4,z=84}",13,7,MovementTraverse,357,8,8,,
696,0,Husk,T1/8,MOVING,12.610,4.000,84.500,"GoalBlock{x=8,y=4,z=84}",13,8,MovementTraverse,357,8,8,,
697,0,Husk,T1/8,MOVING,12.329,4.000,84.500,"GoalBlock{x=8,y=4,z=84}",13,8,MovementTraverse,357,8,8,,
698,0,Husk,T1/8,MOVING,12.049,4.000,84.500,"GoalBlock{x=8,y=4,z=84}",13,8,MovementTraverse,357,8,8,,
699,0,Husk,T1/8,MOVING,11.768,4.000,84.500,"GoalBlock{x=8,y=4,z=84}",13,8,MovementTraverse,357,8,8,,
700,0,Husk,T1/8,MOVING,11.487,4.000,84.500,"GoalBlock{x=8,y=4,z=84}",13,9,MovementTraverse,357,8,8,,
701,0,Husk,T1/8,MOVING,11.207,4.000,84.500,"GoalBlock{x=8,y=4,z=84}",13,9,MovementTraverse,357,8,8,,
702,0,Husk,T1/8,MOVING,10.926,4.000,84.500,"GoalBlock{x=8,y=4,z=84}",13,9,MovementTraverse,357,8,8,,
703,0,Husk,T1/8,MOVING,10.646,4.000,84.500,"GoalBlock{x=8,y=4,z=84}",13,10,MovementTraverse,357,8,8,,
704,0,Husk,T1/8,MOVING,10.365,4.000,84.500,"GoalBlock{x=8,y=4,z=84}",13,10,MovementTraverse,357,8,8,,
705,0,Husk,T1/8,MOVING,10.084,4.000,84.500,"GoalBlock{x=8,y=4,z=84}",13,10,MovementTraverse,357,8,8,,
706,0,Husk,T1/8,MOVING,9.804,4.000,84.500,"GoalBlock{x=8,y=4,z=84}",13,10,MovementTraverse,357,8,8,,
707,0,Husk,T1/8,MOVING,9.523,4.000,84.500,"GoalBlock{x=8,y=4,z=84}",13,11,MovementTraverse,357,8,8,,
708,0,Husk,T1/8,MOVING,9.242,4.000,84.500,"GoalBlock{x=8,y=4,z=84}",13,11,MovementTraverse,357,8,8,,
709,0,Husk,T1/8,MOVING,8.962,4.000,84.500,"GoalBlock{x=8,y=4,z=84}",13,11,MovementTraverse,357,8,8,,
710,0,Husk,T1/8,ARRIVED,8.809,4.000,84.500,,-1,-1,,357,8,8,,CANCELED
711,0,Husk,T1/9,ARRIVED,0.500,4.000,96.500,,-1,-1,,357,8,8,,CANCELED|CANCELED
712,0,Husk,T1/9,ARRIVED,0.500,4.000,96.500,,-1,-1,,357,8,8,,
713,0,Husk,T1/9,ARRIVED,0.500,4.000,96.500,,-1,-1,,357,8,8,,
714,0,Husk,T1/9,ARRIVED,0.500,4.000,96.500,,-1,-1,,357,8,8,,
715,0,Husk,T1/9,ARRIVED,0.500,4.000,96.500,,-1,-1,,357,8,8,,
716,0,Husk,T1/9,ARRIVED,0.500,4.000,96.500,,-1,-1,,357,8,8,,
717,0,Husk,T1/9,ARRIVED,0.500,4.000,96.500,,-1,-1,,357,8,8,,
718,0,Husk,T1/9,ARRIVED,0.500,4.000,96.500,,-1,-1,,357,8,8,,
719,0,Husk,T1/9,ARRIVED,0.500,4.000,96.500,,-1,-1,,357,8,8,,
720,0,Husk,T1/9,ARRIVED,0.500,4.000,96.500,,-1,-1,,357,8,8,,
721,0,Husk,T1/9,SEARCHING,0.500,4.000,96.500,"GoalBlock{x=10,y=4,z=94}",-1,-1,,357,9,9,,CALC_STARTED
722,0,Husk,T1/9,MOVING,0.610,4.000,96.436,"GoalBlock{x=10,y=4,z=94}",13,0,MovementDiagonal,975,9,9,,CALC_FINISHED_NOW_EXECUTING
723,0,Husk,T1/9,MOVING,0.758,4.000,96.309,"GoalBlock{x=10,y=4,z=94}",13,0,MovementDiagonal,975,9,9,,
724,0,Husk,T1/9,MOVING,0.925,4.000,96.146,"GoalBlock{x=10,y=4,z=94}",13,0,MovementDiagonal,975,9,9,,
725,0,Husk,T1/9,MOVING,1.101,4.000,95.962,"GoalBlock{x=10,y=4,z=94}",13,0,MovementDiagonal,975,9,9,,
726,0,Husk,T1/9,MOVING,1.285,4.000,95.769,"GoalBlock{x=10,y=4,z=94}",13,1,MovementDiagonal,975,9,9,,
727,0,Husk,T1/9,MOVING,1.474,4.000,95.572,"GoalBlock{x=10,y=4,z=94}",13,1,MovementDiagonal,975,9,9,,
728,0,Husk,T1/9,MOVING,1.665,4.000,95.372,"GoalBlock{x=10,y=4,z=94}",13,1,MovementDiagonal,975,9,9,,
729,0,Husk,T1/9,MOVING,1.857,4.000,95.171,"GoalBlock{x=10,y=4,z=94}",13,1,MovementDiagonal,975,9,9,,
730,0,Husk,T1/9,MOVING,2.051,4.000,94.969,"GoalBlock{x=10,y=4,z=94}",13,1,MovementDiagonal,975,9,9,,
731,0,Husk,T1/9,MOVING,2.246,4.000,94.768,"GoalBlock{x=10,y=4,z=94}",13,2,MovementDiagonal,975,9,9,,
732,0,Husk,T1/9,MOVING,2.442,4.000,94.568,"GoalBlock{x=10,y=4,z=94}",13,2,MovementDiagonal,975,9,9,,
733,0,Husk,T1/9,MOVING,2.638,4.000,94.368,"GoalBlock{x=10,y=4,z=94}",13,2,MovementDiagonal,975,9,9,,
734,0,Husk,T1/9,MOVING,2.835,4.000,94.169,"GoalBlock{x=10,y=4,z=94}",13,2,MovementDiagonal,975,9,9,,
735,0,Husk,T1/9,MOVING,3.033,4.000,93.969,"GoalBlock{x=10,y=4,z=94}",13,2,MovementDiagonal,975,9,9,,
736,0,Husk,T1/9,MOVING,3.231,4.000,93.770,"GoalBlock{x=10,y=4,z=94}",13,3,MovementDiagonal,975,9,9,,
737,0,Husk,T1/9,MOVING,3.429,4.000,93.572,"GoalBlock{x=10,y=4,z=94}",13,3,MovementDiagonal,975,9,9,,
738,0,Husk,T1/9,MOVING,3.627,4.000,93.373,"GoalBlock{x=10,y=4,z=94}",13,3,MovementDiagonal,975,9,9,,
739,0,Husk,T1/9,MOVING,3.825,4.000,93.174,"GoalBlock{x=10,y=4,z=94}",13,3,MovementDiagonal,975,9,9,,
740,0,Husk,T1/9,MOVING,4.024,4.000,92.976,"GoalBlock{x=10,y=4,z=94}",13,3,MovementDiagonal,975,9,9,,
741,0,Husk,T1/9,MOVING,4.171,4.000,92.746,"GoalBlock{x=10,y=4,z=94}",13,4,MovementTraverse,975,9,9,,
742,0,Husk,T1/9,MOVING,4.284,4.000,92.498,"GoalBlock{x=10,y=4,z=94}",13,4,MovementTraverse,975,9,9,,
743,0,Husk,T1/9,MOVING,4.373,4.000,92.238,"GoalBlock{x=10,y=4,z=94}",13,4,MovementTraverse,975,9,9,,
744,0,Husk,T1/9,MOVING,4.443,4.000,91.970,"GoalBlock{x=10,y=4,z=94}",13,4,MovementTraverse,975,9,9,,
745,0,Husk,T1/9,MOVING,4.486,4.000,91.697,"GoalBlock{x=10,y=4,z=94}",13,5,MovementTraverse,975,9,9,,
746,0,Husk,T1/9,MOVING,4.511,4.000,91.420,"GoalBlock{x=10,y=4,z=94}",13,5,MovementTraverse,975,9,9,,
747,0,Husk,T1/9,MOVING,4.523,4.000,91.141,"GoalBlock{x=10,y=4,z=94}",13,5,MovementTraverse,975,9,9,,
748,0,Husk,T1/9,MOVING,4.525,4.000,90.862,"GoalBlock{x=10,y=4,z=94}",13,5,MovementTraverse,975,9,9,,
749,0,Husk,T1/9,MOVING,4.585,4.000,90.597,"GoalBlock{x=10,y=4,z=94}",13,6,MovementTraverse,975,9,9,,
750,0,Husk,T1/9,MOVING,4.725,4.000,90.385,"GoalBlock{x=10,y=4,z=94}",13,6,MovementTraverse,975,9,9,,
751,0,Husk,T1/9,MOVING,4.930,4.000,90.264,"GoalBlock{x=10,y=4,z=94}",13,6,MovementTraverse,975,9,9,,
752,0,Husk,T1/9,MOVING,5.159,4.000,90.247,"GoalBlock{x=10,y=4,z=94}",13,6,MovementTraverse,975,9,9,,
753,0,Husk,T1/9,MOVING,5.409,4.000,90.261,"GoalBlock{x=10,y=4,z=94}",13,7,MovementTraverse,975,9,9,,
754,0,Husk,T1/9,MOVING,5.670,4.000,90.296,"GoalBlock{x=10,y=4,z=94}",13,7,MovementTraverse,975,9,9,,
755,0,Husk,T1/9,MOVING,5.936,4.000,90.346,"GoalBlock{x=10,y=4,z=94}",13,7,MovementTraverse,975,9,9,,
756,0,Husk,T1/9,MOVING,6.205,4.000,90.406,"GoalBlock{x=10,y=4,z=94}",13,7,MovementTraverse,975,9,9,,
757,0,Husk,T1/9,MOVING,6.448,4.000,90.522,"GoalBlock{x=10,y=4,z=94}",13,8,MovementDiagonal,975,9,9,,
758,0,Husk,T1/9,MOVING,6.675,4.000,90.671,"GoalBlock{x=10,y=4,z=94}",13,8,MovementDiagonal,975,9,9,,
759,0,Husk,T1/9,MOVING,6.888,4.000,90.843,"GoalBlock{x=10,y=4,z=94}",13,8,MovementDiagonal,975,9,9,,
760,0,Husk,T1/9,MOVING,7.092,4.000,91.031,"GoalBlock{x=10,y=4,z=94}",13,8,MovementDiagonal,975,9,9,,
761,0,Husk,T1/9,MOVING,7.291,4.000,91.225,"GoalBlock{x=10,y=4,z=94}",13,9,MovementDiagonal,975,9,9,,
762,0,Husk,T1/9,MOVING,7.487,4.000,91.423,"GoalBlock{x=10,y=4,z=94}",13,9,MovementDiagonal,975,9,9,,
763,0,Husk,T1/9,MOVING,7.682,4.000,91.624,"GoalBlock{x=10,y=4,z=94}",13,9,MovementDiagonal,975,9,9,,
764,0,Husk,T1/9,MOVING,7.875,4.000,91.827,"GoalBlock{x=10,y=4,z=94}",13,9,MovementDiagonal,975,9,9,,
765,0,Husk,T1/9,MOVING,8.067,4.000,92.031,"GoalBlock{x=10,y=4,z=94}",13,9,MovementDiagonal,975,9,9,,
766,0,Husk,T1/9,MOVING,8.261,4.000,92.234,"GoalBlock{x=10,y=4,z=94}",13,10,MovementDiagonal,975,9,9,,
767,0,Husk,T1/9,MOVING,8.456,4.000,92.436,"GoalBlock{x=10,y=4,z=94}",13,10,MovementDiagonal,975,9,9,,
768,0,Husk,T1/9,MOVING,8.652,4.000,92.637,"GoalBlock{x=10,y=4,z=94}",13,10,MovementDiagonal,975,9,9,,
769,0,Husk,T1/9,MOVING,8.848,4.000,92.837,"GoalBlock{x=10,y=4,z=94}",13,10,MovementDiagonal,975,9,9,,
770,0,Husk,T1/9,MOVING,9.044,4.000,93.038,"GoalBlock{x=10,y=4,z=94}",13,10,MovementDiagonal,975,9,9,,
771,0,Husk,T1/9,MOVING,9.241,4.000,93.237,"GoalBlock{x=10,y=4,z=94}",13,11,MovementDiagonal,975,9,9,,
772,0,Husk,T1/9,MOVING,9.439,4.000,93.437,"GoalBlock{x=10,y=4,z=94}",13,11,MovementDiagonal,975,9,9,,
773,0,Husk,T1/9,MOVING,9.637,4.000,93.636,"GoalBlock{x=10,y=4,z=94}",13,11,MovementDiagonal,975,9,9,,
774,0,Husk,T1/9,MOVING,9.835,4.000,93.834,"GoalBlock{x=10,y=4,z=94}",13,11,MovementDiagonal,975,9,9,,
775,0,Husk,T1/9,MOVING,10.033,4.000,94.033,"GoalBlock{x=10,y=4,z=94}",13,11,MovementDiagonal,975,9,9,,
776,0,Husk,T1/9,ARRIVED,10.141,4.000,94.142,,-1,-1,,975,9,9,,CANCELED
777,0,Husk,T1/10,ARRIVED,0.500,4.000,108.500,,-1,-1,,975,9,9,,CANCELED|CANCELED
778,0,Husk,T1/10,ARRIVED,0.500,4.000,108.500,,-1,-1,,975,9,9,,
779,0,Husk,T1/10,ARRIVED,0.500,4.000,108.500,,-1,-1,,975,9,9,,
780,0,Husk,T1/10,ARRIVED,0.500,4.000,108.500,,-1,-1,,975,9,9,,
781,0,Husk,T1/10,ARRIVED,0.500,4.000,108.500,,-1,-1,,975,9,9,,
782,0,Husk,T1/10,ARRIVED,0.500,4.000,108.500,,-1,-1,,975,9,9,,
783,0,Husk,T1/10,ARRIVED,0.500,4.000,108.500,,-1,-1,,975,9,9,,
784,0,Husk,T1/10,ARRIVED,0.500,4.000,108.500,,-1,-1,,975,9,9,,
785,0,Husk,T1/10,ARRIVED,0.500,4.000,108.500,,-1,-1,,975,9,9,,
786,0,Husk,T1/10,ARRIVED,0.500,4.000,108.500,,-1,-1,,975,9,9,,
787,0,Husk,T1/10,SEARCHING,0.500,4.000,108.500,"GoalBlock{x=15,y=4,z=108}",-1,-1,,975,10,10,,CALC_STARTED
788,0,Husk,T1/10,MOVING,0.627,4.000,108.500,"GoalBlock{x=15,y=4,z=108}",14,0,MovementTraverse,8491,11,11,,CALC_FINISHED_NOW_EXECUTING|NEXT_SEGMENT_CALC_STARTED
789,0,Husk,T1/10,MOVING,0.824,4.000,108.500,"GoalBlock{x=15,y=4,z=108}",14,0,MovementTraverse,7678,11,11,,NEXT_CALC_FAILED
790,0,Husk,T1/10,MOVING,1.059,4.000,108.500,"GoalBlock{x=15,y=4,z=108}",14,0,MovementTraverse,7678,11,11,,
791,0,Husk,T1/10,MOVING,1.315,4.000,108.500,"GoalBlock{x=15,y=4,z=108}",14,1,MovementTraverse,7678,11,11,,
792,0,Husk,T1/10,MOVING,1.582,4.000,108.500,"GoalBlock{x=15,y=4,z=108}",14,1,MovementTraverse,7678,11,11,,
793,0,Husk,T1/10,MOVING,1.855,4.000,108.500,"GoalBlock{x=15,y=4,z=108}",14,1,MovementTraverse,7678,11,11,,
794,0,Husk,T1/10,MOVING,2.132,4.000,108.500,"GoalBlock{x=15,y=4,z=108}",14,1,MovementTraverse,7678,11,11,,
795,0,Husk,T1/10,MOVING,2.410,4.000,108.500,"GoalBlock{x=15,y=4,z=108}",14,2,MovementTraverse,7678,11,11,,
796,0,Husk,T1/10,MOVING,2.690,4.000,108.500,"GoalBlock{x=15,y=4,z=108}",14,2,MovementTraverse,7678,11,11,,
797,0,Husk,T1/10,MOVING,2.969,4.000,108.500,"GoalBlock{x=15,y=4,z=108}",14,2,MovementTraverse,7678,11,11,,
798,0,Husk,T1/10,MOVING,3.250,4.000,108.500,"GoalBlock{x=15,y=4,z=108}",14,2,MovementTraverse,7678,11,11,,
799,0,Husk,T1/10,MOVING,3.530,4.000,108.500,"GoalBlock{x=15,y=4,z=108}",14,3,MovementTraverse,7678,11,11,,
800,0,Husk,T1/10,MOVING,3.811,4.000,108.500,"GoalBlock{x=15,y=4,z=108}",14,3,MovementTraverse,7678,11,11,,
801,0,Husk,T1/10,MOVING,4.091,4.000,108.500,"GoalBlock{x=15,y=4,z=108}",14,3,MovementTraverse,7678,11,11,,
802,0,Husk,T1/10,MOVING,4.372,4.000,108.500,"GoalBlock{x=15,y=4,z=108}",14,4,MovementTraverse,7678,11,11,,
803,0,Husk,T1/10,MOVING,4.652,4.000,108.500,"GoalBlock{x=15,y=4,z=108}",14,4,MovementTraverse,7678,11,11,,
804,0,Husk,T1/10,MOVING,4.933,4.000,108.500,"GoalBlock{x=15,y=4,z=108}",14,4,MovementTraverse,7678,11,11,,
805,0,Husk,T1/10,MOVING,5.214,4.000,108.500,"GoalBlock{x=15,y=4,z=108}",14,4,MovementTraverse,7678,11,11,,
806,0,Husk,T1/10,MOVING,5.494,4.000,108.500,"GoalBlock{x=15,y=4,z=108}",14,5,MovementTraverse,7678,11,11,,
807,0,Husk,T1/10,MOVING,5.775,4.000,108.500,"GoalBlock{x=15,y=4,z=108}",14,5,MovementTraverse,7678,11,11,,
808,0,Husk,T1/10,MOVING,6.055,4.000,108.500,"GoalBlock{x=15,y=4,z=108}",14,5,MovementTraverse,7678,11,11,,
809,0,Husk,T1/10,MOVING,6.336,4.000,108.500,"GoalBlock{x=15,y=4,z=108}",14,6,MovementTraverse,7678,11,11,,
810,0,Husk,T1/10,MOVING,6.617,4.000,108.500,"GoalBlock{x=15,y=4,z=108}",14,6,MovementTraverse,7678,11,11,,
811,0,Husk,T1/10,MOVING,6.897,4.000,108.500,"GoalBlock{x=15,y=4,z=108}",14,6,MovementTraverse,7678,11,11,,
812,0,Husk,T1/10,MOVING,7.178,4.000,108.500,"GoalBlock{x=15,y=4,z=108}",14,6,MovementTraverse,7678,11,11,,
813,0,Husk,T1/10,MOVING,7.459,4.000,108.500,"GoalBlock{x=15,y=4,z=108}",14,7,MovementTraverse,7678,11,11,,
814,0,Husk,T1/10,MOVING,7.739,4.000,108.500,"GoalBlock{x=15,y=4,z=108}",14,7,MovementTraverse,7678,11,11,,
815,0,Husk,T1/10,MOVING,8.020,4.000,108.500,"GoalBlock{x=15,y=4,z=108}",14,7,MovementTraverse,7678,11,11,,
816,0,Husk,T1/10,MOVING,8.300,4.000,108.500,"GoalBlock{x=15,y=4,z=108}",14,8,MovementTraverse,7678,11,11,,
817,0,Husk,T1/10,MOVING,8.581,4.000,108.500,"GoalBlock{x=15,y=4,z=108}",14,8,MovementTraverse,7678,11,11,,
818,0,Husk,T1/10,MOVING,8.862,4.000,108.500,"GoalBlock{x=15,y=4,z=108}",14,8,MovementTraverse,7678,11,11,,
819,0,Husk,T1/10,MOVING,9.142,4.000,108.500,"GoalBlock{x=15,y=4,z=108}",14,8,MovementTraverse,7678,11,11,,
820,0,Husk,T1/10,MOVING,9.423,4.000,108.500,"GoalBlock{x=15,y=4,z=108}",14,9,MovementTraverse,7678,11,11,,
821,0,Husk,T1/10,MOVING,9.703,4.000,108.500,"GoalBlock{x=15,y=4,z=108}",14,9,MovementTraverse,7678,11,11,,
822,0,Husk,T1/10,MOVING,9.984,4.000,108.500,"GoalBlock{x=15,y=4,z=108}",14,9,MovementTraverse,7678,11,11,,
823,0,Husk,T1/10,MOVING,10.265,4.000,108.500,"GoalBlock{x=15,y=4,z=108}",14,9,MovementTraverse,7678,11,11,,
824,0,Husk,T1/10,MOVING,10.545,4.000,108.500,"GoalBlock{x=15,y=4,z=108}",14,10,MovementTraverse,7678,11,11,,
825,0,Husk,T1/10,MOVING,10.826,4.000,108.500,"GoalBlock{x=15,y=4,z=108}",14,10,MovementTraverse,7678,11,11,,
826,0,Husk,T1/10,MOVING,11.107,4.000,108.500,"GoalBlock{x=15,y=4,z=108}",14,10,MovementTraverse,7678,11,11,,
827,0,Husk,T1/10,MOVING,11.387,4.000,108.500,"GoalBlock{x=15,y=4,z=108}",14,11,MovementTraverse,7678,11,11,,
828,0,Husk,T1/10,MOVING,11.668,4.000,108.500,"GoalBlock{x=15,y=4,z=108}",14,11,MovementTraverse,7678,11,11,,
829,0,Husk,T1/10,MOVING,11.948,4.000,108.500,"GoalBlock{x=15,y=4,z=108}",14,11,MovementTraverse,7678,11,11,,
830,0,Husk,T1/10,MOVING,12.229,4.000,108.500,"GoalBlock{x=15,y=4,z=108}",14,11,MovementTraverse,7678,11,11,,
831,0,Husk,T1/10,MOVING,12.510,4.000,108.500,"GoalBlock{x=15,y=4,z=108}",14,12,MovementTraverse,7678,11,11,,
832,0,Husk,T1/10,MOVING,12.790,4.000,108.500,"GoalBlock{x=15,y=4,z=108}",14,12,MovementTraverse,7678,11,11,,
833,0,Husk,T1/10,MOVING,13.071,4.000,108.500,"GoalBlock{x=15,y=4,z=108}",14,12,MovementTraverse,7678,11,11,,
834,0,Husk,T1/10,SEARCHING,13.224,4.000,108.500,"GoalBlock{x=15,y=4,z=108}",-1,-1,,7678,12,12,,CALC_STARTED
835,0,Husk,T1/10,FAILED,13.308,4.000,108.500,,-1,-1,,2589,12,12,no_path,CALC_FAILED
836,0,Husk,T1/10,FAILED,13.353,4.000,108.500,,-1,-1,,2589,12,12,no_path,
