"mobs","metric","median","min","max","repeats"
"200","main_us_p50","2884","2884","2884","1"
"200","main_us_p95","3895","3895","3895","1"
"200","main_us_p99","6256","6256","6256","1"
"200","mspt_p95","6,35","6,35","6,35","1"
"200","searches_per_s","23,5","23,5","23,5","1"
"200","search_us_p50","567","567","567","1"
"200","search_us_p95","8088","8088","8088","1"
"200","queue_us_p95","180","180","180","1"
"200","snapshot_us_p95","20","20","20","1"
"200","rejected","0","0","0","1"
"200","shared","0","0","0","1"
